competition_key,season,season_end_year,club_name,club_id,source,verified_at,note
champions-league,1955/56,1956,Real Madrid,cmuihq9wg009hh29ermlar2c7,RSSSF ec1stats (updated 2026-06-18),2026-10-02,European Cup
champions-league,1956/57,1957,Real Madrid,cmuihq9wg009hh29ermlar2c7,RSSSF ec1stats (updated 2026-06-18),2026-10-02,European Cup
champions-league,1957/58,1958,Real Madrid,cmuihq9wg009hh29ermlar2c7,RSSSF ec1stats (updated 2026-06-18),2026-10-02,European Cup
champions-league,1958/59,1959,Real Madrid,cmuihq9wg009hh29ermlar2c7,RSSSF ec1stats (updated 2026-06-18),2026-10-02,European Cup
champions-league,1959/60,1960,Real Madrid,cmuihq9wg009hh29ermlar2c7,RSSSF ec1stats (updated 2026-06-18),2026-10-02,European Cup
champions-league,1960/61,1961,SL Benfica,cmuihq4q6006lh29eutf0qltf,RSSSF ec1stats (updated 2026-06-18),2026-10-02,European Cup
champions-league,1961/62,1962,SL Benfica,cmuihq4q6006lh29eutf0qltf,RSSSF ec1stats (updated 2026-06-18),2026-10-02,European Cup
champions-league,1962/63,1963,AC Milan,cmuihqb6900a7h29eb12tdj1t,RSSSF ec1stats (updated 2026-06-18),2026-10-02,European Cup
champions-league,1963/64,1964,Internazionale,cmuihqald009th29eqj2x21un,RSSSF ec1stats (updated 2026-06-18),2026-10-02,European Cup
champions-league,1964/65,1965,Internazionale,cmuihqald009th29eqj2x21un,RSSSF ec1stats (updated 2026-06-18),2026-10-02,European Cup
champions-league,1965/66,1966,Real Madrid,cmuihq9wg009hh29ermlar2c7,RSSSF ec1stats (updated 2026-06-18),2026-10-02,European Cup
champions-league,1966/67,1967,Celtic,,RSSSF ec1stats (updated 2026-06-18),2026-10-02,European Cup
champions-league,1967/68,1968,Manchester United,cmuihqgxr00ddh29e8cr2u808,RSSSF ec1stats (updated 2026-06-18),2026-10-02,European Cup
champions-league,1968/69,1969,AC Milan,cmuihqb6900a7h29eb12tdj1t,RSSSF ec1stats (updated 2026-06-18),2026-10-02,European Cup
champions-league,1969/70,1970,Feyenoord,cmuihq1t5004zh29exb9q00c1,RSSSF ec1stats (updated 2026-06-18),2026-10-02,European Cup
champions-league,1970/71,1971,Ajax,cmuihqce400ath29e227zx42b,RSSSF ec1stats (updated 2026-06-18),2026-10-02,European Cup
champions-league,1971/72,1972,Ajax,cmuihqce400ath29e227zx42b,RSSSF ec1stats (updated 2026-06-18),2026-10-02,European Cup
champions-league,1972/73,1973,Ajax,cmuihqce400ath29e227zx42b,RSSSF ec1stats (updated 2026-06-18),2026-10-02,European Cup
champions-league,1973/74,1974,Bayern Munich,cmuihq3qa0061h29eyxx4xw43,RSSSF ec1stats (updated 2026-06-18),2026-10-02,European Cup
champions-league,1974/75,1975,Bayern Munich,cmuihq3qa0061h29eyxx4xw43,RSSSF ec1stats (updated 2026-06-18),2026-10-02,European Cup
champions-league,1975/76,1976,Bayern Munich,cmuihq3qa0061h29eyxx4xw43,RSSSF ec1stats (updated 2026-06-18),2026-10-02,European Cup
champions-league,1976/77,1977,Liverpool,cmuihq5k0006zh29erp4cykkk,RSSSF ec1stats (updated 2026-06-18),2026-10-02,European Cup
champions-league,1977/78,1978,Liverpool,cmuihq5k0006zh29erp4cykkk,RSSSF ec1stats (updated 2026-06-18),2026-10-02,European Cup
champions-league,1978/79,1979,Nottingham Forest,cmuihqdq000bkh29et7iwzrfd,RSSSF ec1stats (updated 2026-06-18),2026-10-02,European Cup
champions-league,1979/80,1980,Nottingham Forest,cmuihqdq000bkh29et7iwzrfd,RSSSF ec1stats (updated 2026-06-18),2026-10-02,European Cup
champions-league,1980/81,1981,Liverpool,cmuihq5k0006zh29erp4cykkk,RSSSF ec1stats (updated 2026-06-18),2026-10-02,European Cup
champions-league,1981/82,1982,Aston Villa,cmuihq8vi008xh29edz4vg4xw,RSSSF ec1stats (updated 2026-06-18),2026-10-02,European Cup
champions-league,1982/83,1983,Hamburger SV,cmuihq9070091h29ex9cb7wyt,RSSSF ec1stats (updated 2026-06-18),2026-10-02,European Cup
champions-league,1983/84,1984,Liverpool,cmuihq5k0006zh29erp4cykkk,RSSSF ec1stats (updated 2026-06-18),2026-10-02,European Cup
champions-league,1984/85,1985,Juventus,cmuihqb7i00a9h29e7t17vakf,RSSSF ec1stats (updated 2026-06-18),2026-10-02,European Cup
champions-league,1985/86,1986,Steaua Bucuresti,,RSSSF ec1stats (updated 2026-06-18),2026-10-02,European Cup
champions-league,1986/87,1987,FC Porto,cmuihqe6h00brh29ew01veugs,RSSSF ec1stats (updated 2026-06-18),2026-10-02,European Cup
champions-league,1987/88,1988,PSV Eindhoven,cmuihq7yg008dh29eacwmi5po,RSSSF ec1stats (updated 2026-06-18),2026-10-02,European Cup
champions-league,1988/89,1989,AC Milan,cmuihqb6900a7h29eb12tdj1t,RSSSF ec1stats (updated 2026-06-18),2026-10-02,European Cup
champions-league,1989/90,1990,AC Milan,cmuihqb6900a7h29eb12tdj1t,RSSSF ec1stats (updated 2026-06-18),2026-10-02,European Cup
champions-league,1990/91,1991,Crvena zvezda,,RSSSF ec1stats (updated 2026-06-18),2026-10-02,European Cup
champions-league,1991/92,1992,FC Barcelona,cmuihoy3o002vb23f8egwo6vd,RSSSF ec1stats (updated 2026-06-18),2026-10-02,European Cup
champions-league,1992/93,1993,Olympique Marseille,cmuihq2sw005jh29e5ugg799e,RSSSF ec1stats (updated 2026-06-18),2026-10-02,Champions League
champions-league,1993/94,1994,AC Milan,cmuihqb6900a7h29eb12tdj1t,RSSSF ec1stats (updated 2026-06-18),2026-10-02,Champions League
champions-league,1994/95,1995,Ajax,cmuihqce400ath29e227zx42b,RSSSF ec1stats (updated 2026-06-18),2026-10-02,Champions League
champions-league,1995/96,1996,Juventus,cmuihqb7i00a9h29e7t17vakf,RSSSF ec1stats (updated 2026-06-18),2026-10-02,Champions League
champions-league,1996/97,1997,Borussia Dortmund,cmuihq09e0045h29ednnt1hkq,RSSSF ec1stats (updated 2026-06-18),2026-10-02,Champions League
champions-league,1997/98,1998,Real Madrid,cmuihq9wg009hh29ermlar2c7,RSSSF ec1stats (updated 2026-06-18),2026-10-02,Champions League
champions-league,1998/99,1999,Manchester United,cmuihqgxr00ddh29e8cr2u808,RSSSF ec1stats (updated 2026-06-18),2026-10-02,Champions League
champions-league,1999/00,2000,Real Madrid,cmuihq9wg009hh29ermlar2c7,RSSSF ec1stats (updated 2026-06-18),2026-10-02,Champions League
champions-league,2000/01,2001,Bayern Munich,cmuihq3qa0061h29eyxx4xw43,RSSSF ec1stats (updated 2026-06-18),2026-10-02,Champions League
champions-league,2001/02,2002,Real Madrid,cmuihq9wg009hh29ermlar2c7,RSSSF ec1stats (updated 2026-06-18),2026-10-02,Champions League
champions-league,2002/03,2003,AC Milan,cmuihqb6900a7h29eb12tdj1t,RSSSF ec1stats (updated 2026-06-18),2026-10-02,Champions League
champions-league,2003/04,2004,FC Porto,cmuihqe6h00brh29ew01veugs,RSSSF ec1stats (updated 2026-06-18),2026-10-02,Champions League
champions-league,2004/05,2005,Liverpool,cmuihq5k0006zh29erp4cykkk,RSSSF ec1stats (updated 2026-06-18),2026-10-02,Champions League
champions-league,2005/06,2006,FC Barcelona,cmuihoy3o002vb23f8egwo6vd,RSSSF ec1stats (updated 2026-06-18),2026-10-02,Champions League
champions-league,2006/07,2007,AC Milan,cmuihqb6900a7h29eb12tdj1t,RSSSF ec1stats (updated 2026-06-18),2026-10-02,Champions League
champions-league,2007/08,2008,Manchester United,cmuihqgxr00ddh29e8cr2u808,RSSSF ec1stats (updated 2026-06-18),2026-10-02,Champions League
champions-league,2008/09,2009,FC Barcelona,cmuihoy3o002vb23f8egwo6vd,RSSSF ec1stats (updated 2026-06-18),2026-10-02,Champions League
champions-league,2009/10,2010,Internazionale,cmuihqald009th29eqj2x21un,RSSSF ec1stats (updated 2026-06-18),2026-10-02,Champions League
champions-league,2010/11,2011,FC Barcelona,cmuihoy3o002vb23f8egwo6vd,RSSSF ec1stats (updated 2026-06-18),2026-10-02,Champions League
champions-league,2011/12,2012,Chelsea,cmuihqcpo00b1h29edf8q9ksb,RSSSF ec1stats (updated 2026-06-18),2026-10-02,Champions League
champions-league,2012/13,2013,Bayern Munich,cmuihq3qa0061h29eyxx4xw43,RSSSF ec1stats (updated 2026-06-18),2026-10-02,Champions League
champions-league,2013/14,2014,Real Madrid,cmuihq9wg009hh29ermlar2c7,RSSSF ec1stats (updated 2026-06-18),2026-10-02,Champions League
champions-league,2014/15,2015,FC Barcelona,cmuihoy3o002vb23f8egwo6vd,RSSSF ec1stats (updated 2026-06-18),2026-10-02,Champions League
champions-league,2015/16,2016,Real Madrid,cmuihq9wg009hh29ermlar2c7,RSSSF ec1stats (updated 2026-06-18),2026-10-02,Champions League
champions-league,2016/17,2017,Real Madrid,cmuihq9wg009hh29ermlar2c7,RSSSF ec1stats (updated 2026-06-18),2026-10-02,Champions League
champions-league,2017/18,2018,Real Madrid,cmuihq9wg009hh29ermlar2c7,RSSSF ec1stats (updated 2026-06-18),2026-10-02,Champions League
champions-league,2018/19,2019,Liverpool,cmuihq5k0006zh29erp4cykkk,RSSSF ec1stats (updated 2026-06-18),2026-10-02,Champions League
champions-league,2019/20,2020,Bayern Munich,cmuihq3qa0061h29eyxx4xw43,RSSSF ec1stats (updated 2026-06-18),2026-10-02,Champions League
champions-league,2020/21,2021,Chelsea,cmuihqcpo00b1h29edf8q9ksb,RSSSF ec1stats (updated 2026-06-18),2026-10-02,Champions League
champions-league,2021/22,2022,Real Madrid,cmuihq9wg009hh29ermlar2c7,RSSSF ec1stats (updated 2026-06-18),2026-10-02,Champions League
champions-league,2022/23,2023,Manchester City,cmuihq3vs0069h29ebm5xqhye,RSSSF ec1stats (updated 2026-06-18),2026-10-02,Champions League
champions-league,2023/24,2024,Real Madrid,cmuihq9wg009hh29ermlar2c7,RSSSF ec1stats (updated 2026-06-18),2026-10-02,Champions League
champions-league,2024/25,2025,Paris Saint-Germain,cmuihqbws00ajh29e1ujz5fht,RSSSF ec1stats (updated 2026-06-18),2026-10-02,Champions League
champions-league,2025/26,2026,Paris Saint-Germain,cmuihqbws00ajh29e1ujz5fht,RSSSF ec1stats (updated 2026-06-18),2026-10-02,Champions League
