timestamp,playerId,transfermarktId,fullName,action,parentClubId,parentClubName,previousCurrentClubId,previousCurrentClubName,newCurrentClubId,newCurrentClubName,previousStatus,newStatus,loanUntil,notes
"2026-09-30T16:46:54.525Z","cmuihw3el0bc2sexp7tgcux59","848753","Tommy Setford","UPDATE_LOAN","cmuiho5do001hb23froc57owj","Arsenal FC","","Unassigned/None","","Non-DB Club (Stevenage FC)","departed","on_loan","2027-06-30T00:00:00.000Z","On season-long loan at Stevenage FC for regular first-team experience; parent club remains Arsenal."
"2026-09-30T16:46:54.662Z","cmuihw24s0acrsexp2xeg7wrc","671915","Enzo Barrenechea","UPDATE_LOAN","cmuihq8vi008xh29edz4vg4xw","Aston Villa","cmuihq4q6006lh29eutf0qltf","SL Benfica","cmuihq4q6006lh29eutf0qltf","SL Benfica","first_team","on_loan","2027-06-30T00:00:00.000Z","On season-long loan at SL Benfica for 2026/27; contracted to Aston Villa until 2029."
"2026-09-30T16:46:54.780Z","cmuihw3el0bc1sexpe4lvbxq3","848682","Kosta Nedeljkovic","UPDATE_LOAN","cmuihq8vi008xh29edz4vg4xw","Aston Villa","","Unassigned/None","","Non-DB Club (Rangers FC)","departed","on_loan","2027-06-30T00:00:00.000Z","On loan at Rangers FC for 2026/27; contracted to Aston Villa until 2029."
"2026-09-30T16:46:54.916Z","cmuihw4rk0czrsexpmm5ggtwg","1202361","Bradley Burrowes","UPDATE_LOAN","cmuihq8vi008xh29edz4vg4xw","Aston Villa","","Unassigned/None","cmuihnxf60013b23f6brcfpcq","Wigan Athletic","departed","on_loan","2027-06-30T00:00:00.000Z","Joined Wigan Athletic on loan from Aston Villa on September 1, 2026 until June 2027."
"2026-09-30T16:46:55.037Z","cmuihw43o0c6hsexpcl9l06xu","994604","Matai Akinmboni","UPDATE_LOAN","cmuihqh6y00dfh29eokvzxktp","AFC Bournemouth","","Unassigned/None","","Non-DB Club (Dundee FC)","departed","on_loan","2027-06-30T00:00:00.000Z","On season-long loan at Dundee FC (Scottish Premiership) for 2026/27 from AFC Bournemouth."
"2026-09-30T16:46:55.297Z","cmuihw2pz0auosexpuxd857vv","741257","Álex Jiménez","UPDATE_LOAN","cmuihqh6y00dfh29eokvzxktp","AFC Bournemouth","cmuihqa6q009nh29eeao6masx","ACF Fiorentina","cmuihqa6q009nh29eeao6masx","ACF Fiorentina","first_team","on_loan","2027-06-30T00:00:00.000Z","On season-long loan at ACF Fiorentina with purchase option; parent club AFC Bournemouth."
"2026-09-30T16:46:55.442Z","cmuihw44b0cnmsexpaqvzpo4j","1091562","Romelle Donovan","UPDATE_LOAN","cmuihocpq001vb23fu3cm5yh8","Brentford FC","","Unassigned/None","cmuihq6yq007th29eswbnw486","Sheffield United","departed","on_loan","2027-06-30T00:00:00.000Z","On season-long loan at Sheffield United (Championship) from Brentford."
"2026-09-30T16:46:55.560Z","cmuihw4r50ctdsexplluenb08","1144158","Benjamin Arthur","UPDATE_LOAN","cmuihocpq001vb23fu3cm5yh8","Brentford FC","","Unassigned/None","","Non-DB Club (Portsmouth FC)","departed","on_loan","2027-06-30T00:00:00.000Z","On season-long loan at Portsmouth FC (Championship) for 2026/27 from Brentford."
"2026-09-30T16:46:55.745Z","cmuihw43d0byqsexpb35wc35j","954104","Jayden Meghoma","UPDATE_LOAN","cmuihocpq001vb23fu3cm5yh8","Brentford FC","","Unassigned/None","","Non-DB Club (Portsmouth FC)","departed","on_loan","2027-06-30T00:00:00.000Z","On season-long loan at Portsmouth FC from Brentford for 2026/27."
"2026-09-30T16:46:55.861Z","cmuihw4r40ct5sexpoqdcaxpf","1141628","Yunus Konak","UPDATE_LOAN","cmuihocpq001vb23fu3cm5yh8","Brentford FC","","Unassigned/None","","Non-DB Club (Lincoln City)","departed","on_loan","2027-06-30T00:00:00.000Z","Signed 5-year Brentford deal in August 2026 and loaned to Lincoln City for 2026/27."
"2026-09-30T16:46:55.996Z","cmuihw4460cj7sexpj9chah07","1067168","Harry Howell","UPDATE_LOAN","cmuihomne002bb23fq0sdhdrm","Brighton & Hove Albion","","Unassigned/None","cmuihnjhl000db23fh1satlpq","Leicester City","departed","on_loan","2027-06-30T00:00:00.000Z","On season-long loan at Leicester City from Brighton until May 2027."
"2026-09-30T16:46:56.185Z","cmuihw3f20boosexp1hvizdvo","921662","Charlie Tasker","UPDATE_LOAN","cmuihomne002bb23fq0sdhdrm","Brighton & Hove Albion","","Unassigned/None","","Non-DB Club (Rochdale AFC)","departed","on_loan","2027-06-30T00:00:00.000Z","On season-long loan at Rochdale AFC from Brighton until May 2027."
"2026-09-30T16:46:56.318Z","cmuihw43i0c38sexpjt5253x6","982097","Shumaira Mheuka","UPDATE_LOAN","cmuihqcpo00b1h29edf8q9ksb","Chelsea FC","","Unassigned/None","","Non-DB Club (Celtic)","departed","on_loan","2027-06-30T00:00:00.000Z","Signed new Chelsea contract to 2031; on season-long loan at Celtic for 2026/27."
"2026-09-30T16:46:56.450Z","cmuihw4470cjusexpm0azenk6","1071819","Ollie Harrison","UPDATE_LOAN","cmuihqcpo00b1h29edf8q9ksb","Chelsea FC","","Unassigned/None","","Non-DB Club (AFC Wimbledon)","departed","on_loan","2027-06-30T00:00:00.000Z","Contracted to Chelsea until 2029; on season-long loan at AFC Wimbledon."
"2026-09-30T16:46:56.570Z","cmuihvzwg07u1sexpu0e6p4p6","403151","Robert Sánchez","UPDATE_LOAN","cmuihqcpo00b1h29edf8q9ksb","Chelsea FC","cmuihntg0000vb23fquzb7c6q","Como 1907","cmuihntg0000vb23fquzb7c6q","Como 1907","first_team","on_loan","2027-06-30T00:00:00.000Z","On season-long loan at Como 1907 (Serie A) from Chelsea; contract at Chelsea runs to 2030."
"2026-09-30T16:46:56.690Z","cmuihw1em09k8sexp0g4adg4x","585323","Filip Jørgensen","UPDATE_LOAN","cmuihqcpo00b1h29edf8q9ksb","Chelsea FC","cmuihqd8900bbh29em5y4p2o4","RC Strasbourg Alsace","cmuihqd8900bbh29em5y4p2o4","RC Strasbourg Alsace","first_team","on_loan","2027-06-30T00:00:00.000Z","On season-long loan at RC Strasbourg from Chelsea for 2026/27."
"2026-09-30T16:46:56.897Z","cmuihw24q0abrsexp9m14t0ai","670717","Dário Essugo","UPDATE_LOAN","cmuihqcpo00b1h29edf8q9ksb","Chelsea FC","cmuihqd8900bbh29em5y4p2o4","RC Strasbourg Alsace","cmuihqd8900bbh29em5y4p2o4","RC Strasbourg Alsace","first_team","on_loan","2027-06-30T00:00:00.000Z","On season-long loan at RC Strasbourg from Chelsea for 2026/27."
"2026-09-30T16:46:57.216Z","cmuihw2q20ax5sexp2dbzhfaj","746833","Caleb Wiley","UPDATE_LOAN","cmuihqcpo00b1h29edf8q9ksb","Chelsea FC","","Unassigned/None","","Non-DB Club (Preston North End)","departed","on_loan","2027-06-30T00:00:00.000Z","On season-long loan at Preston North End (Championship) from Chelsea for 2026/27."
"2026-09-30T16:46:57.356Z","cmuihw3eh0b8zsexpl3y51h6k","827435","Max Merrick","UPDATE_LOAN","cmuihqcpo00b1h29edf8q9ksb","Chelsea FC","","Unassigned/None","","Non-DB Club (Hartlepool United)","departed","on_loan","2027-06-30T00:00:00.000Z","Extended Chelsea contract to 2028; on loan at Hartlepool United for 2026/27."
"2026-09-30T16:46:57.475Z","cmuihw3ez0bmgsexpl2afds0e","910905","Mamadou Sarr","UPDATE_LOAN","cmuihqcpo00b1h29edf8q9ksb","Chelsea FC","cmuihqdop00bfh29ezli7oevn","Real Sociedad","cmuihqdop00bfh29ezli7oevn","Real Sociedad","first_team","on_loan","2027-06-30T00:00:00.000Z","On loan at Real Sociedad (La Liga) from Chelsea; contract runs to 2033."
"2026-09-30T16:46:57.610Z","cmuihw3fb0bv6sexp5tyyprpr","938158","Marc Guiu","UPDATE_LOAN","cmuihqcpo00b1h29edf8q9ksb","Chelsea FC","cmuihq1z60055h29emzy2ewj7","RB Leipzig","cmuihq1z60055h29emzy2ewj7","RB Leipzig","first_team","on_loan","2027-06-30T00:00:00.000Z","On loan at RB Leipzig (Bundesliga) for 2026/27; contracted to Chelsea to 2029."
"2026-09-30T16:46:57.729Z","cmuihw43y0ceqsexpykawz4gg","1052439","Kendry Páez","UPDATE_LOAN","cmuihqcpo00b1h29edf8q9ksb","Chelsea FC","","Unassigned/None","","Non-DB Club (River Plate)","departed","on_loan","2027-06-30T00:00:00.000Z","On loan at River Plate from Chelsea through 2026/27."
"2026-09-30T16:46:57.855Z","cmuihw43g0c12sexpjrygiatd","967319","Romain Esse","UPDATE_LOAN","cmuihqfqr00cqh29e2077zt3y","Crystal Palace","","Unassigned/None","","Non-DB Club (Millwall FC)","departed","on_loan","2027-06-30T00:00:00.000Z","On season-long loan at Millwall FC from Crystal Palace for 2026/27."
"2026-09-30T16:46:58.180Z","cmuihw43x0cdrsexppvcsfhrn","1047257","Rio Cardines","UPDATE_LOAN","cmuihqfqr00cqh29e2077zt3y","Crystal Palace","","Unassigned/None","","Non-DB Club (Bristol City)","departed","on_loan","2027-06-30T00:00:00.000Z","On loan at Bristol City from Crystal Palace until May 31, 2027; contract runs to 2028."
"2026-09-30T16:46:58.309Z","cmuihw3fb0bv1sexpfya6b2ts","938146","Adam Aznou","UPDATE_LOAN","cmuihq4bo006fh29ef9sfod5p","Everton FC","cmuiho0ii0019b23fvb7o5lmu","Málaga CF","cmuiho0ii0019b23fvb7o5lmu","Málaga CF","first_team","on_loan","2027-06-30T00:00:00.000Z","Contracted to Everton until 2029; on season-long loan at Málaga CF for 2026/27."
"2026-09-30T16:46:58.421Z","cmuihw2q30axmsexpd2dfzjtk","747950","Alfie McNally","UPDATE_LOAN","cmuihqg9600cxh29echnkyx9e","Fulham FC","","Unassigned/None","","Non-DB Club (York City)","departed","on_loan","2027-06-30T00:00:00.000Z","On season-long loan at York City from Fulham; contracted to Fulham until 2028."
"2026-09-30T16:46:58.540Z","cmuihw3ef0b6ysexpld80kah0","817612","Luke Harris","UPDATE_LOAN","cmuihqg9600cxh29echnkyx9e","Fulham FC","","Unassigned/None","cmuihnxf60013b23f6brcfpcq","Wigan Athletic","departed","on_loan","2027-06-30T00:00:00.000Z","On loan at Wigan Athletic from Fulham for 2026/27; contracted to Fulham until 2027."
"2026-09-30T16:46:58.817Z","cmuihw24909y8sexpt3k55pn3","627626","Wilfried Gnonto","UPDATE_LOAN","cmuihq8hv008ph29ejwdrv7xd","Leeds United","cmuihqa6q009nh29eeao6masx","ACF Fiorentina","cmuihqa6q009nh29eeao6masx","ACF Fiorentina","first_team","on_loan","2027-06-30T00:00:00.000Z","On loan at ACF Fiorentina from Leeds United; contract at Leeds runs to 2028."
"2026-09-30T16:46:58.949Z","cmuihvzvp07d5sexpj8xf70p9","369962","Joël Piroe","UPDATE_LOAN","cmuihq8hv008ph29ejwdrv7xd","Leeds United","","Unassigned/None","cmuihq7mj0089h29e0q3gm3nk","West Ham United","departed","on_loan","2027-06-30T00:00:00.000Z","On loan at West Ham United from Leeds United for 2026/27; contract runs to 2027."
"2026-09-30T16:46:59.077Z","cmuihw44d0cpbsexp92cim43f","1108049","Amara Nallo","UPDATE_LOAN","cmuihq5k0006zh29erp4cykkk","Liverpool FC","","Unassigned/None","","Non-DB Club (HJK Helsinki)","departed","on_loan","2027-06-30T00:00:00.000Z","On loan at HJK Helsinki for 2026/27 season from Liverpool FC."
"2026-09-30T16:46:59.215Z","cmuihw1dd09ddsexp91i1kapk","565822","Harvey Elliott","UPDATE_LOAN","cmuihq5k0006zh29erp4cykkk","Liverpool FC","cmuihnufg000xb23fs4poj6rc","Valencia CF","cmuihnufg000xb23fs4poj6rc","Valencia CF","first_team","on_loan","2027-06-30T00:00:00.000Z","On season-long loan at Valencia CF in La Liga for 2026/27 from Liverpool."
"2026-09-30T16:46:59.328Z","cmuihw3f80bsbsexpejaetk2o","933215","Ármin Pécsi","UPDATE_LOAN","cmuihq5k0006zh29erp4cykkk","Liverpool FC","","Unassigned/None","","Non-DB Club (TSV Hartberg)","departed","on_loan","2027-06-30T00:00:00.000Z","On loan at Austrian club TSV Hartberg; contracted to Liverpool to 2030."
"2026-09-30T16:46:59.454Z","cmuihw3ek0bbasexpm5jfxo1v","843595","Max Alleyne","UPDATE_LOAN","cmuihq3vs0069h29ebm5xqhye","Manchester City","","Unassigned/None","cmuihoaiv001rb23fn6cviuyz","Burnley FC","departed","on_loan","2027-06-30T00:00:00.000Z","On season-long loan at Burnley FC (Championship) from Manchester City."
"2026-09-30T16:46:59.568Z","cmuihw3ez0bmlsexpk658e1si","911736","Sverre Nypan","UPDATE_LOAN","cmuihq3vs0069h29ebm5xqhye","Manchester City","","Unassigned/None","","Non-DB Club (Lommel SK)","departed","on_loan","2027-06-30T00:00:00.000Z","On loan at Lommel SK (Belgian Pro League) for 2026/27 from Manchester City."
"2026-09-30T16:46:59.690Z","cmuihw43w0ccssexps464mf3j","1042886","Chido Obi","UPDATE_LOAN","cmuihqgxr00ddh29e8cr2u808","Manchester United","","Unassigned/None","cmuihq8us008vh29erfb05jp3","Willem II Tilburg","departed","on_loan","2027-06-30T00:00:00.000Z","On season-long loan at Willem II Tilburg (Eredivisie) for 2026/27 from Manchester United."
"2026-09-30T16:46:59.836Z","cmuihw24s0ad3sexp360xfzfm","673492","Morato","UPDATE_LOAN","cmuihqdq000bkh29et7iwzrfd","Nottingham Forest","","Unassigned/None","cmuihq7mj0089h29e0q3gm3nk","West Ham United","departed","on_loan","2027-06-30T00:00:00.000Z","On loan at West Ham United from Nottingham Forest; contracted to Forest until 2029."
"2026-09-30T16:47:00.117Z","cmuihw24l0a7psexpg8yiw4co","658536","Simon Adingra","UPDATE_LOAN","cmuihq47i006bh29e3kejf8oh","Sunderland AFC","","Unassigned/None","cmuihqce400ath29e227zx42b","Ajax Amsterdam","departed","on_loan","2027-06-30T00:00:00.000Z","On loan at Ajax Amsterdam from Sunderland; contracted to Sunderland to 2030."
"2026-09-30T16:47:00.251Z","cmuihvyqu064ksexp6ttb66ol","286047","Guglielmo Vicario","UPDATE_LOAN","cmuihpzs8003vh29eyrxt8nk5","Tottenham Hotspur","cmuihqb7i00a9h29e7t17vakf","Juventus FC","cmuihqb7i00a9h29e7t17vakf","Juventus FC","first_team","on_loan","2027-06-30T00:00:00.000Z","On season-long loan at Juventus FC (Serie A) from Tottenham Hotspur."
"2026-09-30T16:47:00.377Z","cmuihw1dg09ewsexpvn4sq5qv","568559","Radu Drăgușin","UPDATE_LOAN","cmuihpzs8003vh29eyrxt8nk5","Tottenham Hotspur","cmuihqa6q009nh29eeao6masx","ACF Fiorentina","cmuihqa6q009nh29eeao6masx","ACF Fiorentina","first_team","on_loan","2027-06-30T00:00:00.000Z","On season-long loan at ACF Fiorentina from Tottenham Hotspur."
"2026-09-30T16:47:00.502Z","cmuihw1dg09eysexpet5m9lol","568693","Pape Matar Sarr","UPDATE_LOAN","cmuihpzs8003vh29eyrxt8nk5","Tottenham Hotspur","cmuihqb7i00a9h29e7t17vakf","Juventus FC","cmuihqb7i00a9h29e7t17vakf","Juventus FC","first_team","on_loan","2027-06-30T00:00:00.000Z","On season-long loan at Juventus FC from Tottenham Hotspur for 2026/27."
"2026-09-30T16:47:00.614Z","cmuihw43x0cdvsexp3pa7ja9f","1047345","Yusuf Akhamrich","UPDATE_LOAN","cmuihpzs8003vh29eyrxt8nk5","Tottenham Hotspur","","Unassigned/None","","Non-DB Club (Leyton Orient)","departed","on_loan","2027-06-30T00:00:00.000Z","On loan at Leyton Orient from Tottenham U21 until June 2027; contract runs to 2028."
"2026-09-30T16:47:00.735Z","cmuihw3eu0bimsexpjujsn1l7","890719","Ethan Nwaneri","UPDATE_LOAN","cmuiho5do001hb23froc57owj","Arsenal FC","cmuihq09e0045h29ednnt1hkq","Borussia Dortmund","cmuihq09e0045h29ednnt1hkq","Borussia Dortmund","first_team","on_loan","2027-06-30T00:00:00.000Z","On loan at Borussia Dortmund from Arsenal FC for 2026/27"
