timestamp,clubId,clubName,playerId,fullName,action,oldClubId,oldClubName,newClubId,newClubName,oldStatus,newStatus,notes
"2026-09-30T13:32:05.013Z","cmuihq3qa0061h29eyxx4xw43","Bayern Munich","cmuihw4si0d6nsexps2ky63f4","Bastian Assomo","DETACH","cmuihq3qa0061h29eyxx4xw43","Bayern Munich","","Unassigned (Detached)","first_team","departed","Absent from official 2026/27 Transfermarkt squad"
"2026-09-30T13:32:05.013Z","cmuihq3qa0061h29eyxx4xw43","Bayern Munich","cmuihw2q00aw7sexpswg6tdpy","Tarek Buchmann","DETACH","cmuihq3qa0061h29eyxx4xw43","Bayern Munich","","Unassigned (Detached)","academy","departed","Absent from official 2026/27 Transfermarkt squad"
"2026-09-30T13:32:05.013Z","cmuihq3qa0061h29eyxx4xw43","Bayern Munich","cmuihvxg504posexp15lk11oa","Alexander Nübel","DETACH","cmuihq3qa0061h29eyxx4xw43","Bayern Munich","","Unassigned (Detached)","first_team","departed","Absent from official 2026/27 Transfermarkt squad"
"2026-09-30T13:32:05.013Z","cmuihq3qa0061h29eyxx4xw43","Bayern Munich","cmuihw1dh09f7sexpmr0846vg","Armindo Sieb","DETACH","cmuihq3qa0061h29eyxx4xw43","Bayern Munich","","Unassigned (Detached)","first_team","departed","Absent from official 2026/27 Transfermarkt squad"
"2026-09-30T13:32:05.013Z","cmuihq3qa0061h29eyxx4xw43","Bayern Munich","cmuihw43r0c8wsexpcszx4fra","Leon Klanac","DETACH","cmuihq3qa0061h29eyxx4xw43","Bayern Munich","","Unassigned (Detached)","first_team","departed","Absent from official 2026/27 Transfermarkt squad"
"2026-09-30T13:32:05.013Z","cmuihq3qa0061h29eyxx4xw43","Bayern Munich","cmuihw44a0cmgsexp04jlacss","Wisdom Mike","DETACH","cmuihq3qa0061h29eyxx4xw43","Bayern Munich","","Unassigned (Detached)","first_team","departed","Absent from official 2026/27 Transfermarkt squad"
"2026-09-30T13:32:05.013Z","cmuihq3qa0061h29eyxx4xw43","Bayern Munich","cmuihw4qy0cqgsexp0m9y3k0d","David Santos Daiber","DETACH","cmuihq3qa0061h29eyxx4xw43","Bayern Munich","","Unassigned (Detached)","first_team","departed","Absent from official 2026/27 Transfermarkt squad"
"2026-09-30T13:32:05.013Z","cmuihq3qa0061h29eyxx4xw43","Bayern Munich","cmuihw4rs0d2gsexpu7li44m5","Cassiano Kiala","DETACH","cmuihq3qa0061h29eyxx4xw43","Bayern Munich","","Unassigned (Detached)","first_team","departed","Absent from official 2026/27 Transfermarkt squad"
"2026-09-30T13:32:05.013Z","cmuihq3qa0061h29eyxx4xw43","Bayern Munich","cmuihw4rw0d5csexp9aj0gtv4","Erblin Osmani","DETACH","cmuihq3qa0061h29eyxx4xw43","Bayern Munich","","Unassigned (Detached)","first_team","departed","Absent from official 2026/27 Transfermarkt squad"
"2026-09-30T13:32:07.186Z","cmuihq09e0045h29ednnt1hkq","Borussia Dortmund","cmuihw0j7089msexpgw3i3sry","Diant Ramaj","DETACH","cmuihq09e0045h29ednnt1hkq","Borussia Dortmund","","Unassigned (Detached)","first_team","departed","Absent from official 2026/27 Transfermarkt squad"
"2026-09-30T13:32:07.186Z","cmuihq09e0045h29ednnt1hkq","Borussia Dortmund","cmuihw3er0bfcsexp43hdueal","Cole Campbell","DETACH","cmuihq09e0045h29ednnt1hkq","Borussia Dortmund","","Unassigned (Detached)","first_team","departed","Absent from official 2026/27 Transfermarkt squad"
"2026-09-30T13:32:07.186Z","cmuihq09e0045h29ednnt1hkq","Borussia Dortmund","cmuihw3et0bhnsexp4vr12aas","Almugera Kabar","DETACH","cmuihq09e0045h29ednnt1hkq","Borussia Dortmund","","Unassigned (Detached)","first_team","departed","Absent from official 2026/27 Transfermarkt squad"
"2026-09-30T13:32:07.186Z","cmuihq09e0045h29ednnt1hkq","Borussia Dortmund","cmuihw3f90bt5sexprfs9h01f","Danylo Krevsun","DETACH","cmuihq09e0045h29ednnt1hkq","Borussia Dortmund","","Unassigned (Detached)","first_team","departed","Absent from official 2026/27 Transfermarkt squad"
"2026-09-30T13:32:07.186Z","cmuihq09e0045h29ednnt1hkq","Borussia Dortmund","cmuihw4r40ct3sexpz47owj4s","Mussa Kaba","ATTACH","","Unassigned","cmuihq09e0045h29ednnt1hkq","Borussia Dortmund","departed","first_team","Confirmed in 2026/27 squad (Defensive Midfield, TM 1141179)"
"2026-09-30T13:32:07.186Z","cmuihq09e0045h29ednnt1hkq","Borussia Dortmund","cmuihw4rj0cz3sexp2noh4mjh","Mathis Albert","ATTACH","","Unassigned","cmuihq09e0045h29ednnt1hkq","Borussia Dortmund","departed","first_team","Confirmed in 2026/27 squad (Left Winger, TM 1193849)"
"2026-09-30T13:32:07.186Z","cmuihq09e0045h29ednnt1hkq","Borussia Dortmund","cmuihvzwk07w7sexpz23543nr","Joey Veerman","REASSIGN","cmuihq7yg008dh29eacwmi5po","PSV Eindhoven","cmuihq09e0045h29ednnt1hkq","Borussia Dortmund","first_team","first_team","Transferred from PSV Eindhoven to Borussia Dortmund (TM 408574)"
"2026-09-30T13:32:07.186Z","cmuihq09e0045h29ednnt1hkq","Borussia Dortmund","cmuo59vzv0003itgylw3dtqt9","Joane Gadou","CREATE","","None (New Player)","cmuihq09e0045h29ednnt1hkq","Borussia Dortmund","","first_team","Created from official 2026/27 squad (Centre-Back, TM 1075577)"
"2026-09-30T13:32:07.186Z","cmuihq09e0045h29ednnt1hkq","Borussia Dortmund","cmuo59w4q0005itgy1foqe77j","Kauã Prates","CREATE","","None (New Player)","cmuihq09e0045h29ednnt1hkq","Borussia Dortmund","","first_team","Created from official 2026/27 squad (Left-Back, TM 1275068)"
"2026-09-30T13:32:07.186Z","cmuihq09e0045h29ednnt1hkq","Borussia Dortmund","cmuo59we60007itgyjmcsrzjt","Enzo dos Santos","CREATE","","None (New Player)","cmuihq09e0045h29ednnt1hkq","Borussia Dortmund","","first_team","Created from official 2026/27 squad (Central Midfield, TM 1311594)"
"2026-09-30T13:32:07.186Z","cmuihq09e0045h29ednnt1hkq","Borussia Dortmund","cmuo59wij0009itgy0skqipgv","Konstantinos Karetsas","CREATE","","None (New Player)","cmuihq09e0045h29ednnt1hkq","Borussia Dortmund","","first_team","Created from official 2026/27 squad (Attacking Midfield, TM 990148)"
"2026-09-30T13:32:07.186Z","cmuihq09e0045h29ednnt1hkq","Borussia Dortmund","cmuo59wmv000bitgyvljmnrby","Giannis Konstantelias","CREATE","","None (New Player)","cmuihq09e0045h29ednnt1hkq","Borussia Dortmund","","first_team","Created from official 2026/27 squad (Attacking Midfield, TM 628331)"
"2026-09-30T13:32:07.186Z","cmuihq09e0045h29ednnt1hkq","Borussia Dortmund","cmuo59wrj000ditgye1qh6ef0","Justin Lerma","CREATE","","None (New Player)","cmuihq09e0045h29ednnt1hkq","Borussia Dortmund","","first_team","Created from official 2026/27 squad (Attacking Midfield, TM 1185507)"
"2026-09-30T13:32:11.014Z","cmuihq1z60055h29emzy2ewj7","RB Leipzig","cmuihvuxh0246sexpkcbv3wfl","Kevin Kampl","DETACH","cmuihq1z60055h29emzy2ewj7","RB Leipzig","","Unassigned (Detached)","first_team","departed","Absent from official 2026/27 Transfermarkt squad"
"2026-09-30T13:32:11.014Z","cmuihq1z60055h29emzy2ewj7","RB Leipzig","cmuihw2q90b0fsexpn5wkg01m","El Chadaille Bitshiabu","DETACH","cmuihq1z60055h29emzy2ewj7","RB Leipzig","","Unassigned (Detached)","first_team","departed","Absent from official 2026/27 Transfermarkt squad"
"2026-09-30T13:32:11.014Z","cmuihq1z60055h29emzy2ewj7","RB Leipzig","cmuihvuyv02ousexpbxflb0q0","Ørjan Nyland","ATTACH","","Unassigned","cmuihq1z60055h29emzy2ewj7","RB Leipzig","departed","first_team","Confirmed in 2026/27 squad (Goalkeeper, TM 73517)"
"2026-09-30T13:32:11.014Z","cmuihq1z60055h29emzy2ewj7","RB Leipzig","cmuihw4r00crmsexpn068j7ae","Abdoul Koné","ATTACH","","Unassigned","cmuihq1z60055h29emzy2ewj7","RB Leipzig","departed","first_team","Confirmed in 2026/27 squad (Centre-Back, TM 1130445)"
"2026-09-30T13:32:11.014Z","cmuihq1z60055h29emzy2ewj7","RB Leipzig","cmuihw2qe0b4rsexpzzpupzyp","Max Finkgräfe","ATTACH","","Unassigned","cmuihq1z60055h29emzy2ewj7","RB Leipzig","departed","first_team","Confirmed in 2026/27 squad (Left-Back, TM 810649)"
"2026-09-30T13:32:11.014Z","cmuihq1z60055h29emzy2ewj7","RB Leipzig","cmuihw4rt0d35sexpyssixfg9","Benno Kaltefleiter","ATTACH","","Unassigned","cmuihq1z60055h29emzy2ewj7","RB Leipzig","departed","first_team","Confirmed in 2026/27 squad (Defensive Midfield, TM 1279157)"
"2026-09-30T13:32:11.014Z","cmuihq1z60055h29emzy2ewj7","RB Leipzig","cmuihw3ex0bktsexpsh142jdi","Neil El Aynaoui","ATTACH","","Unassigned","cmuihq1z60055h29emzy2ewj7","RB Leipzig","departed","first_team","Confirmed in 2026/27 squad (Central Midfield, TM 901019)"
"2026-09-30T13:32:11.014Z","cmuihq1z60055h29emzy2ewj7","RB Leipzig","cmuihw0jq08hhsexpvqmiiz32","Rocco Reitz","ATTACH","","Unassigned","cmuihq1z60055h29emzy2ewj7","RB Leipzig","departed","first_team","Confirmed in 2026/27 squad (Central Midfield, TM 467434)"
"2026-09-30T13:32:11.014Z","cmuihq1z60055h29emzy2ewj7","RB Leipzig","cmuihw3eq0bf4sexp8nbhq4z0","Ezechiel Banzuzi","ATTACH","","Unassigned","cmuihq1z60055h29emzy2ewj7","RB Leipzig","departed","first_team","Confirmed in 2026/27 squad (Central Midfield, TM 865682)"
"2026-09-30T13:32:11.014Z","cmuihq1z60055h29emzy2ewj7","RB Leipzig","cmuihw2pj0airsexpa44dihy2","Brajan Gruda","ATTACH","","Unassigned","cmuihq1z60055h29emzy2ewj7","RB Leipzig","departed","first_team","Confirmed in 2026/27 squad (Attacking Midfield, TM 700106)"
"2026-09-30T13:32:11.014Z","cmuihq1z60055h29emzy2ewj7","RB Leipzig","cmuihw43c0bygsexp2ouy9qru","Andrija Maksimovic","ATTACH","","Unassigned","cmuihq1z60055h29emzy2ewj7","RB Leipzig","departed","first_team","Confirmed in 2026/27 squad (Attacking Midfield, TM 952779)"
"2026-09-30T13:32:11.014Z","cmuihq1z60055h29emzy2ewj7","RB Leipzig","cmuihw4470ckfsexpdndxxhm7","Viggo Gebel","ATTACH","","Unassigned","cmuihq1z60055h29emzy2ewj7","RB Leipzig","departed","first_team","Confirmed in 2026/27 squad (Attacking Midfield, TM 1074526)"
"2026-09-30T13:32:11.014Z","cmuihq1z60055h29emzy2ewj7","RB Leipzig","cmuihw1dd09d7sexpa2ac6j6q","Johan Bakayoko","ATTACH","","Unassigned","cmuihq1z60055h29emzy2ewj7","RB Leipzig","departed","first_team","Confirmed in 2026/27 squad (Right Winger, TM 565424)"
"2026-09-30T13:32:11.014Z","cmuihq1z60055h29emzy2ewj7","RB Leipzig","cmuihw43e0bzlsexpksvopnmu","Rômulo","ATTACH","","Unassigned","cmuihq1z60055h29emzy2ewj7","RB Leipzig","departed","first_team","Confirmed in 2026/27 squad (Centre-Forward, TM 957874)"
"2026-09-30T13:32:11.014Z","cmuihq1z60055h29emzy2ewj7","RB Leipzig","cmuihvzb706zvsexpx93x8o63","Christopher Nkunku","ATTACH","","Unassigned","cmuihq1z60055h29emzy2ewj7","RB Leipzig","departed","first_team","Confirmed in 2026/27 squad (Centre-Forward, TM 344381)"
"2026-09-30T13:32:11.014Z","cmuihq1z60055h29emzy2ewj7","RB Leipzig","cmuihw3fb0bv6sexp5tyyprpr","Marc Guiu","ATTACH","","Unassigned","cmuihq1z60055h29emzy2ewj7","RB Leipzig","departed","first_team","Confirmed in 2026/27 squad (Centre-Forward, TM 938158)"
"2026-09-30T13:32:11.014Z","cmuihq1z60055h29emzy2ewj7","RB Leipzig","cmuihw4si0d6psexpra8en299","Samba Konaté","ATTACH","","Unassigned","cmuihq1z60055h29emzy2ewj7","RB Leipzig","departed","first_team","Confirmed in 2026/27 squad (Centre-Forward, TM 1380977)"
"2026-09-30T13:32:11.014Z","cmuihq1z60055h29emzy2ewj7","RB Leipzig","cmuihw3ej0bb2sexpg1pkjmxu","Maxime Estève","REASSIGN","cmuihoaiv001rb23fn6cviuyz","Burnley FC","cmuihq1z60055h29emzy2ewj7","RB Leipzig","first_team","first_team","Transferred from Burnley FC to RB Leipzig (TM 842341)"
"2026-09-30T13:32:13.363Z","cmuihpzti003xh29ejh2oa78u","Bayer 04 Leverkusen","cmuihw4r20csasexpwqwdi91i","Issa Traoré","DETACH","cmuihpzti003xh29ejh2oa78u","Bayer 04 Leverkusen","","Unassigned (Detached)","first_team","departed","Absent from official 2026/27 Transfermarkt squad"
"2026-09-30T13:32:13.363Z","cmuihpzti003xh29ejh2oa78u","Bayer 04 Leverkusen","cmuihw2pt0apksexpl6owswcf","Ernest Poku","DETACH","cmuihpzti003xh29ejh2oa78u","Bayer 04 Leverkusen","","Unassigned (Detached)","first_team","departed","Absent from official 2026/27 Transfermarkt squad"
"2026-09-30T13:32:13.363Z","cmuihpzti003xh29ejh2oa78u","Bayer 04 Leverkusen","cmuihw43h0c2fsexp3014xy4l","Arthur","DETACH","cmuihpzti003xh29ejh2oa78u","Bayer 04 Leverkusen","","Unassigned (Detached)","first_team","departed","Absent from official 2026/27 Transfermarkt squad"
"2026-09-30T13:32:13.363Z","cmuihpzti003xh29ejh2oa78u","Bayer 04 Leverkusen","cmuihw3ew0bk6sexpchxz51ez","Farid Alfa-Ruprecht","DETACH","cmuihpzti003xh29ejh2oa78u","Bayer 04 Leverkusen","","Unassigned (Detached)","first_team","departed","Absent from official 2026/27 Transfermarkt squad"
"2026-09-30T13:32:13.363Z","cmuihpzti003xh29ejh2oa78u","Bayer 04 Leverkusen","cmuihw43p0c7dsexpgiof9ifo","Alejo Sarco","DETACH","cmuihpzti003xh29ejh2oa78u","Bayer 04 Leverkusen","","Unassigned (Detached)","first_team","departed","Absent from official 2026/27 Transfermarkt squad"
"2026-09-30T13:32:13.363Z","cmuihpzti003xh29ejh2oa78u","Bayer 04 Leverkusen","cmuihw43x0cdcsexpx2np7zpr","Artem Stepanov","DETACH","cmuihpzti003xh29ejh2oa78u","Bayer 04 Leverkusen","","Unassigned (Detached)","first_team","departed","Absent from official 2026/27 Transfermarkt squad"
"2026-09-30T13:32:13.363Z","cmuihpzti003xh29ejh2oa78u","Bayer 04 Leverkusen","cmuihw0ju08jtsexpu31usssv","Facundo Medina","ATTACH","","Unassigned","cmuihpzti003xh29ejh2oa78u","Bayer 04 Leverkusen","departed","first_team","Confirmed in 2026/27 squad (Centre-Back, TM 474800)"
"2026-09-30T13:32:13.363Z","cmuihpzti003xh29ejh2oa78u","Bayer 04 Leverkusen","cmuihw1bq08z1sexp7sr0logf","Miguel Gutiérrez","ATTACH","","Unassigned","cmuihpzti003xh29ejh2oa78u","Bayer 04 Leverkusen","departed","first_team","Confirmed in 2026/27 squad (Left-Back, TM 525299)"
"2026-09-30T13:32:13.363Z","cmuihpzti003xh29ejh2oa78u","Bayer 04 Leverkusen","cmuihw2ps0ao6sexp75b9vdcm","Guéla Doué","ATTACH","","Unassigned","cmuihpzti003xh29ejh2oa78u","Bayer 04 Leverkusen","departed","first_team","Confirmed in 2026/27 squad (Right-Back, TM 711980)"
"2026-09-30T13:32:13.363Z","cmuihpzti003xh29ejh2oa78u","Bayer 04 Leverkusen","cmuihw43c0bydsexp81zjasxr","Afonso Moreira","ATTACH","","Unassigned","cmuihpzti003xh29ejh2oa78u","Bayer 04 Leverkusen","departed","first_team","Confirmed in 2026/27 squad (Left Winger, TM 952282)"
"2026-09-30T13:32:13.363Z","cmuihpzti003xh29ejh2oa78u","Bayer 04 Leverkusen","cmuo5a0nj000hitgyuouin594","Tim Oermann","CREATE","","None (New Player)","cmuihpzti003xh29ejh2oa78u","Bayer 04 Leverkusen","","first_team","Created from official 2026/27 squad (Centre-Back, TM 696164)"
"2026-09-30T13:32:13.363Z","cmuihpzti003xh29ejh2oa78u","Bayer 04 Leverkusen","cmuo5a0vf000jitgyzcj55asq","Kennet Eichhorn","CREATE","","None (New Player)","cmuihpzti003xh29ejh2oa78u","Bayer 04 Leverkusen","","first_team","Created from official 2026/27 squad (Defensive Midfield, TM 1214123)"
"2026-09-30T13:32:13.363Z","cmuihpzti003xh29ejh2oa78u","Bayer 04 Leverkusen","cmuo5a0zt000litgymls25qr1","Moussa Diaby","CREATE","","None (New Player)","cmuihpzti003xh29ejh2oa78u","Bayer 04 Leverkusen","","first_team","Created from official 2026/27 squad (Right Winger, TM 395516)"
"2026-09-30T13:32:13.363Z","cmuihpzti003xh29ejh2oa78u","Bayer 04 Leverkusen","cmuo5a14j000nitgym8id8rd4","Ndjicoura Bomba","CREATE","","None (New Player)","cmuihpzti003xh29ejh2oa78u","Bayer 04 Leverkusen","","first_team","Created from official 2026/27 squad (Centre-Forward, TM 1392804)"
"2026-09-30T13:32:16.454Z","cmuihqeq600c7h29ej46szm8f","VfB Stuttgart","cmuihw3ej0bb0sexptxxvvcuh","Christopher Olivier","DETACH","cmuihqeq600c7h29ej46szm8f","VfB Stuttgart","","Unassigned (Detached)","first_team","departed","Absent from official 2026/27 Transfermarkt squad"
"2026-09-30T13:32:16.454Z","cmuihqeq600c7h29ej46szm8f","VfB Stuttgart","cmuihw2qb0b23sexp72ueuajv","Dennis Seimen","ATTACH","","Unassigned","cmuihqeq600c7h29ej46szm8f","VfB Stuttgart","departed","first_team","Confirmed in 2026/27 squad (Goalkeeper, TM 800946)"
"2026-09-30T13:32:16.454Z","cmuihqeq600c7h29ej46szm8f","VfB Stuttgart","cmuihvxfl04atsexpn0kvw2gz","Marius Funk","ATTACH","","Unassigned","cmuihqeq600c7h29ej46szm8f","VfB Stuttgart","departed","first_team","Confirmed in 2026/27 squad (Goalkeeper, TM 170517)"
"2026-09-30T13:32:16.454Z","cmuihqeq600c7h29ej46szm8f","VfB Stuttgart","cmuihw2ps0ao4sexp8vlktwfv","Lorenz Assignon","ATTACH","","Unassigned","cmuihqeq600c7h29ej46szm8f","VfB Stuttgart","departed","first_team","Confirmed in 2026/27 squad (Right-Back, TM 711969)"
"2026-09-30T13:32:16.454Z","cmuihqeq600c7h29ej46szm8f","VfB Stuttgart","cmuihw0kd08uisexpoam2mno7","Leonidas Stergiou","ATTACH","","Unassigned","cmuihqeq600c7h29ej46szm8f","VfB Stuttgart","departed","first_team","Confirmed in 2026/27 squad (Right-Back, TM 507345)"
"2026-09-30T13:32:16.454Z","cmuihqeq600c7h29ej46szm8f","VfB Stuttgart","cmuihvy6505ahsexpt92cfw6b","Grischa Prömel","ATTACH","","Unassigned","cmuihqeq600c7h29ej46szm8f","VfB Stuttgart","departed","first_team","Confirmed in 2026/27 squad (Central Midfield, TM 234029)"
"2026-09-30T13:32:16.454Z","cmuihqeq600c7h29ej46szm8f","VfB Stuttgart","cmuihw43e0bzrsexpyvvbg9wv","Yanik Spalt","ATTACH","","Unassigned","cmuihqeq600c7h29ej46szm8f","VfB Stuttgart","departed","first_team","Confirmed in 2026/27 squad (Central Midfield, TM 960462)"
"2026-09-30T13:32:16.454Z","cmuihqeq600c7h29ej46szm8f","VfB Stuttgart","cmuihw24k0a6esexphuqd9usj","Bilal El Khannouss","ATTACH","","Unassigned","cmuihqeq600c7h29ej46szm8f","VfB Stuttgart","departed","first_team","Confirmed in 2026/27 squad (Attacking Midfield, TM 654982)"
"2026-09-30T13:32:16.454Z","cmuihqeq600c7h29ej46szm8f","VfB Stuttgart","cmuihw43v0cbssexprtte3w82","Jarzinho Malanga","ATTACH","","Unassigned","cmuihqeq600c7h29ej46szm8f","VfB Stuttgart","departed","first_team","Confirmed in 2026/27 squad (Attacking Midfield, TM 1031774)"
"2026-09-30T13:32:16.454Z","cmuihqeq600c7h29ej46szm8f","VfB Stuttgart","cmuihw24409u3sexp400gidul","Tiago Tomás","ATTACH","","Unassigned","cmuihqeq600c7h29ej46szm8f","VfB Stuttgart","departed","first_team","Confirmed in 2026/27 squad (Right Winger, TM 616344)"
"2026-09-30T13:32:16.454Z","cmuihqeq600c7h29ej46szm8f","VfB Stuttgart","cmuihw3eg0b7rsexpb20x1hmi","Dzenan Pejcinovic","ATTACH","","Unassigned","cmuihqeq600c7h29ej46szm8f","VfB Stuttgart","departed","first_team","Confirmed in 2026/27 squad (Centre-Forward, TM 819636)"
"2026-09-30T13:32:16.454Z","cmuihqeq600c7h29ej46szm8f","VfB Stuttgart","cmuihw2pr0annsexpuovcjxtw","Leo Sauer","REASSIGN","cmuihq1t5004zh29exb9q00c1","Feyenoord Rotterdam","cmuihqeq600c7h29ej46szm8f","VfB Stuttgart","first_team","first_team","Transferred from Feyenoord Rotterdam to VfB Stuttgart (TM 710886)"
"2026-09-30T13:32:16.454Z","cmuihqeq600c7h29ej46szm8f","VfB Stuttgart","cmuo5a347000qitgyaqoj7xzd","Ertugrul Yigit","CREATE","","None (New Player)","cmuihqeq600c7h29ej46szm8f","VfB Stuttgart","","first_team","Created from official 2026/27 squad (Central Midfield, TM 1297520)"
"2026-09-30T13:32:18.895Z","cmuihq2b80057h29e0r17uj2f","Eintracht Frankfurt","cmuihvxfq04exsexp69b8qtmo","Michy Batshuayi","DETACH","cmuihq2b80057h29e0r17uj2f","Eintracht Frankfurt","","Unassigned (Detached)","first_team","departed","Absent from official 2026/27 Transfermarkt squad"
"2026-09-30T13:32:18.895Z","cmuihq2b80057h29e0r17uj2f","Eintracht Frankfurt","cmuihvyqy068lsexpkgi3k77y","Ellyes Skhiri","DETACH","cmuihq2b80057h29e0r17uj2f","Eintracht Frankfurt","","Unassigned (Detached)","first_team","departed","Absent from official 2026/27 Transfermarkt squad"
"2026-09-30T13:32:18.895Z","cmuihq2b80057h29e0r17uj2f","Eintracht Frankfurt","cmuihw2q80azrsexpg3n61zns","Fousseny Doumbia","DETACH","cmuihq2b80057h29e0r17uj2f","Eintracht Frankfurt","","Unassigned (Detached)","first_team","departed","Absent from official 2026/27 Transfermarkt squad"
"2026-09-30T13:32:18.895Z","cmuihq2b80057h29e0r17uj2f","Eintracht Frankfurt","cmuihw4490cllsexpkvlg1ztr","Amil Siljevic","ATTACH","","Unassigned","cmuihq2b80057h29e0r17uj2f","Eintracht Frankfurt","departed","first_team","Confirmed in 2026/27 squad (Goalkeeper, TM 1079622)"
"2026-09-30T13:32:18.895Z","cmuihq2b80057h29e0r17uj2f","Eintracht Frankfurt","cmuihw0k408nnsexpdkhr4z7m","Lilian Brassier","ATTACH","","Unassigned","cmuihq2b80057h29e0r17uj2f","Eintracht Frankfurt","departed","first_team","Confirmed in 2026/27 squad (Centre-Back, TM 485960)"
"2026-09-30T13:32:18.895Z","cmuihq2b80057h29e0r17uj2f","Eintracht Frankfurt","cmuihw4r60ctusexpyielgruk","Keita Kosugi","ATTACH","","Unassigned","cmuihq2b80057h29e0r17uj2f","Eintracht Frankfurt","departed","first_team","Confirmed in 2026/27 squad (Left-Back, TM 1146988)"
"2026-09-30T13:32:18.895Z","cmuihq2b80057h29e0r17uj2f","Eintracht Frankfurt","cmuihw2q10aw8sexpi4mnj6m3","Elias Baum","ATTACH","","Unassigned","cmuihq2b80057h29e0r17uj2f","Eintracht Frankfurt","departed","first_team","Confirmed in 2026/27 squad (Right-Back, TM 744857)"
"2026-09-30T13:32:18.895Z","cmuihq2b80057h29e0r17uj2f","Eintracht Frankfurt","cmuihw3ey0bldsexpizgf6vcw","Noel Aseko","ATTACH","","Unassigned","cmuihq2b80057h29e0r17uj2f","Eintracht Frankfurt","departed","first_team","Confirmed in 2026/27 squad (Defensive Midfield, TM 904974)"
"2026-09-30T13:32:18.895Z","cmuihq2b80057h29e0r17uj2f","Eintracht Frankfurt","cmuihw4rg0cxssexpb0ayj2qj","Love Arrhov","ATTACH","","Unassigned","cmuihq2b80057h29e0r17uj2f","Eintracht Frankfurt","departed","first_team","Confirmed in 2026/27 squad (Attacking Midfield, TM 1184986)"
"2026-09-30T13:32:18.895Z","cmuihq2b80057h29e0r17uj2f","Eintracht Frankfurt","cmuihvzbk0791sexpgpgjd9vv","Ritsu Doan","ATTACH","","Unassigned","cmuihq2b80057h29e0r17uj2f","Eintracht Frankfurt","departed","first_team","Confirmed in 2026/27 squad (Right Winger, TM 358504)"
"2026-09-30T13:32:18.895Z","cmuihq2b80057h29e0r17uj2f","Eintracht Frankfurt","cmuihw2qb0b1ysexp6trqsjjw","Ayoube Amaimouni-Echghouyab","ATTACH","","Unassigned","cmuihq2b80057h29e0r17uj2f","Eintracht Frankfurt","departed","first_team","Confirmed in 2026/27 squad (Right Winger, TM 799993)"
"2026-09-30T13:32:18.895Z","cmuihq2b80057h29e0r17uj2f","Eintracht Frankfurt","cmuihvzas06qpsexp7cm6wzky","Jonathan Burkardt","ATTACH","","Unassigned","cmuihq2b80057h29e0r17uj2f","Eintracht Frankfurt","departed","first_team","Confirmed in 2026/27 squad (Centre-Forward, TM 333647)"
"2026-09-30T13:32:18.895Z","cmuihq2b80057h29e0r17uj2f","Eintracht Frankfurt","cmuihw2ph0agesexpo7wzb7ij","Younes Ebnoutalib","ATTACH","","Unassigned","cmuihq2b80057h29e0r17uj2f","Eintracht Frankfurt","departed","first_team","Confirmed in 2026/27 squad (Centre-Forward, TM 692368)"
"2026-09-30T13:32:18.895Z","cmuihq2b80057h29e0r17uj2f","Eintracht Frankfurt","cmuihw1br08zgsexprhrsmrkq","Noah Atubolu","REASSIGN","cmuihqc7a00anh29ekc5foq1r","SC Freiburg","cmuihq2b80057h29e0r17uj2f","Eintracht Frankfurt","first_team","first_team","Transferred from SC Freiburg to Eintracht Frankfurt (TM 526845)"
"2026-09-30T13:32:18.895Z","cmuihq2b80057h29e0r17uj2f","Eintracht Frankfurt","cmuihw44b0cnzsexpsvl5y632","Otávio","REASSIGN","cmuihq2sq005hh29en9069nxw","CF Estrela Amadora","cmuihq2b80057h29e0r17uj2f","Eintracht Frankfurt","first_team","first_team","Transferred from CF Estrela Amadora to Eintracht Frankfurt (TM 1094885)"
"2026-09-30T13:32:18.895Z","cmuihq2b80057h29e0r17uj2f","Eintracht Frankfurt","cmuo5a55h000titgyxn8e0sn9","Jeremiaha Maluze","CREATE","","None (New Player)","cmuihq2b80057h29e0r17uj2f","Eintracht Frankfurt","","first_team","Created from official 2026/27 squad (Centre-Back, TM 1022523)"
"2026-09-30T13:32:18.895Z","cmuihq2b80057h29e0r17uj2f","Eintracht Frankfurt","cmuo5a5lf000vitgy0ot1en36","Raphael Onyedika","CREATE","","None (New Player)","cmuihq2b80057h29e0r17uj2f","Eintracht Frankfurt","","first_team","Created from official 2026/27 squad (Defensive Midfield, TM 699783)"
"2026-09-30T13:32:18.895Z","cmuihq2b80057h29e0r17uj2f","Eintracht Frankfurt","cmuo5a5qm000xitgyptr7vuy0","Malik Pimpong","CREATE","","None (New Player)","cmuihq2b80057h29e0r17uj2f","Eintracht Frankfurt","","first_team","Created from official 2026/27 squad (Centre-Forward, TM 1259986)"
"2026-09-30T13:32:18.895Z","cmuihq2b80057h29e0r17uj2f","Eintracht Frankfurt","cmuo5a604000zitgyhnsfc0k0","Jessic Ngankam","CREATE","","None (New Player)","cmuihq2b80057h29e0r17uj2f","Eintracht Frankfurt","","first_team","Created from official 2026/27 squad (Centre-Forward, TM 448177)"
"2026-09-30T13:32:22.494Z","cmuihqbor00adh29elg30kgzn","TSG 1899 Hoffenheim","cmuihw1d6099psexpfm4nv5r3","Valentin Lässig","DETACH","cmuihqbor00adh29elg30kgzn","TSG 1899 Hoffenheim","","Unassigned (Detached)","first_team","departed","Absent from official 2026/27 Transfermarkt squad"
"2026-09-30T13:32:22.494Z","cmuihqbor00adh29elg30kgzn","TSG 1899 Hoffenheim","cmuihw1dp09icsexpu7xg8fcu","Albian Hajdari","ATTACH","","Unassigned","cmuihqbor00adh29elg30kgzn","TSG 1899 Hoffenheim","departed","first_team","Confirmed in 2026/27 squad (Centre-Back, TM 579459)"
"2026-09-30T13:32:22.494Z","cmuihqbor00adh29elg30kgzn","TSG 1899 Hoffenheim","cmuihvzwn07z0sexppuwmm3e7","Koki Machida","ATTACH","","Unassigned","cmuihqbor00adh29elg30kgzn","TSG 1899 Hoffenheim","departed","first_team","Confirmed in 2026/27 squad (Centre-Back, TM 415035)"
"2026-09-30T13:32:22.494Z","cmuihqbor00adh29elg30kgzn","TSG 1899 Hoffenheim","cmuihw43j0c3qsexpgi5axaj6","Mats Rots","ATTACH","","Unassigned","cmuihqbor00adh29elg30kgzn","TSG 1899 Hoffenheim","departed","first_team","Confirmed in 2026/27 squad (Left-Back, TM 983677)"
"2026-09-30T13:32:22.494Z","cmuihqbor00adh29elg30kgzn","TSG 1899 Hoffenheim","cmuihvzbm07bhsexp4cq88ib4","Bernardo","ATTACH","","Unassigned","cmuihqbor00adh29elg30kgzn","TSG 1899 Hoffenheim","departed","first_team","Confirmed in 2026/27 squad (Left-Back, TM 364258)"
"2026-09-30T13:32:22.494Z","cmuihqbor00adh29elg30kgzn","TSG 1899 Hoffenheim","cmuihvws2041msexpxs593780","Vladimír Coufal","ATTACH","","Unassigned","cmuihqbor00adh29elg30kgzn","TSG 1899 Hoffenheim","departed","first_team","Confirmed in 2026/27 squad (Right-Back, TM 157672)"
"2026-09-30T13:32:22.494Z","cmuihqbor00adh29elg30kgzn","TSG 1899 Hoffenheim","cmuihw24o0aaasexplib0ekkh","Leon Avdullahu","ATTACH","","Unassigned","cmuihqbor00adh29elg30kgzn","TSG 1899 Hoffenheim","departed","first_team","Confirmed in 2026/27 squad (Defensive Midfield, TM 667457)"
"2026-09-30T13:32:22.494Z","cmuihqbor00adh29elg30kgzn","TSG 1899 Hoffenheim","cmuihvzwm07yhsexpqdj9x2qf","Wouter Burger","ATTACH","","Unassigned","cmuihqbor00adh29elg30kgzn","TSG 1899 Hoffenheim","departed","first_team","Confirmed in 2026/27 squad (Defensive Midfield, TM 412953)"
"2026-09-30T13:32:22.494Z","cmuihqbor00adh29elg30kgzn","TSG 1899 Hoffenheim","cmuihw4qy0cq8sexp2wkibjek","Luis Engelns","ATTACH","","Unassigned","cmuihqbor00adh29elg30kgzn","TSG 1899 Hoffenheim","departed","first_team","Confirmed in 2026/27 squad (Defensive Midfield, TM 1116191)"
"2026-09-30T13:32:22.494Z","cmuihqbor00adh29elg30kgzn","TSG 1899 Hoffenheim","cmuihw1dm09gtsexp575vtw6w","Bambasé Conté","ATTACH","","Unassigned","cmuihqbor00adh29elg30kgzn","TSG 1899 Hoffenheim","departed","first_team","Confirmed in 2026/27 squad (Attacking Midfield, TM 574193)"
"2026-09-30T13:32:22.494Z","cmuihqbor00adh29elg30kgzn","TSG 1899 Hoffenheim","cmuihw1bw091qsexpgrg2nmdz","Patrick Wimmer","ATTACH","","Unassigned","cmuihqbor00adh29elg30kgzn","TSG 1899 Hoffenheim","departed","first_team","Confirmed in 2026/27 squad (Right Winger, TM 533295)"
"2026-09-30T13:32:22.494Z","cmuihqbor00adh29elg30kgzn","TSG 1899 Hoffenheim","cmuihw1bk08yjsexplggxav1t","Fisnik Asllani","ATTACH","","Unassigned","cmuihqbor00adh29elg30kgzn","TSG 1899 Hoffenheim","departed","first_team","Confirmed in 2026/27 squad (Centre-Forward, TM 524290)"
"2026-09-30T13:32:22.494Z","cmuihqbor00adh29elg30kgzn","TSG 1899 Hoffenheim","cmuihw1d6099msexpophl4q9x","Tim Lemperle","ATTACH","","Unassigned","cmuihqbor00adh29elg30kgzn","TSG 1899 Hoffenheim","departed","first_team","Confirmed in 2026/27 squad (Centre-Forward, TM 553285)"
"2026-09-30T13:32:22.494Z","cmuihqbor00adh29elg30kgzn","TSG 1899 Hoffenheim","cmuo5a7so0012itgymbsomtz1","Sean Dulic","CREATE","","None (New Player)","cmuihqbor00adh29elg30kgzn","TSG 1899 Hoffenheim","","first_team","Created from official 2026/27 squad (Centre-Back, TM 907277)"
"2026-09-30T13:32:22.494Z","cmuihqbor00adh29elg30kgzn","TSG 1899 Hoffenheim","cmuo5a7zx0014itgy892n6jig","Natnael Abraha","CREATE","","None (New Player)","cmuihqbor00adh29elg30kgzn","TSG 1899 Hoffenheim","","first_team","Created from official 2026/27 squad (Right-Back, TM 1075143)"
"2026-09-30T13:32:22.494Z","cmuihqbor00adh29elg30kgzn","TSG 1899 Hoffenheim","cmuo5a84k0016itgy4lfrlewo","Cajetan Lenz","CREATE","","None (New Player)","cmuihqbor00adh29elg30kgzn","TSG 1899 Hoffenheim","","first_team","Created from official 2026/27 squad (Defensive Midfield, TM 1047136)"
"2026-09-30T13:32:22.494Z","cmuihqbor00adh29elg30kgzn","TSG 1899 Hoffenheim","cmuo5a8mz0018itgy0936rb5x","Nathan De Cat","CREATE","","None (New Player)","cmuihqbor00adh29elg30kgzn","TSG 1899 Hoffenheim","","first_team","Created from official 2026/27 squad (Central Midfield, TM 1105541)"
"2026-09-30T13:32:22.494Z","cmuihqbor00adh29elg30kgzn","TSG 1899 Hoffenheim","cmuo5a8r7001aitgyq7d5r8sh","Adam Daghim","CREATE","","None (New Player)","cmuihqbor00adh29elg30kgzn","TSG 1899 Hoffenheim","","first_team","Created from official 2026/27 squad (Right Winger, TM 881297)"
"2026-09-30T13:32:26.123Z","cmuihqc7a00anh29ekc5foq1r","SC Freiburg","cmuihw3ez0blvsexp1ob4coe4","Karl Steinmann","DETACH","cmuihqc7a00anh29ekc5foq1r","SC Freiburg","","Unassigned (Detached)","first_team","departed","Absent from official 2026/27 Transfermarkt squad"
"2026-09-30T13:32:26.123Z","cmuihqc7a00anh29ekc5foq1r","SC Freiburg","cmuihw24g0a3gsexpt52273sh","Eren Dinkçi","DETACH","cmuihqc7a00anh29ekc5foq1r","SC Freiburg","","Unassigned (Detached)","first_team","departed","Absent from official 2026/27 Transfermarkt squad"
"2026-09-30T13:32:26.123Z","cmuihqc7a00anh29ekc5foq1r","SC Freiburg","cmuihvzwh07ussexpm88evtdf","Yannik Engelhardt","ATTACH","","Unassigned","cmuihqc7a00anh29ekc5foq1r","SC Freiburg","departed","first_team","Confirmed in 2026/27 squad (Defensive Midfield, TM 405670)"
"2026-09-30T13:32:26.123Z","cmuihqc7a00anh29ekc5foq1r","SC Freiburg","cmuihw4ra0culsexp1u2zey6r","Rouven Tarnutzer","ATTACH","","Unassigned","cmuihqc7a00anh29ekc5foq1r","SC Freiburg","departed","first_team","Confirmed in 2026/27 squad (Central Midfield, TM 1159439)"
"2026-09-30T13:32:26.123Z","cmuihqc7a00anh29ekc5foq1r","SC Freiburg","cmuo5aagl001ditgydvqrpfgu","Berkay Yılmaz","CREATE","","None (New Player)","cmuihqc7a00anh29ekc5foq1r","SC Freiburg","","first_team","Created from official 2026/27 squad (Left-Back, TM 907087)"
"2026-09-30T13:32:26.123Z","cmuihqc7a00anh29ekc5foq1r","SC Freiburg","cmuo5aaky001fitgywbl2t1zh","Rihito Yamamoto","CREATE","","None (New Player)","cmuihqc7a00anh29ekc5foq1r","SC Freiburg","","first_team","Created from official 2026/27 squad (Defensive Midfield, TM 432403)"
"2026-09-30T13:32:26.123Z","cmuihqc7a00anh29ekc5foq1r","SC Freiburg","cmuo5aapr001hitgyqfb125pq","Keisuke Goto","CREATE","","None (New Player)","cmuihqc7a00anh29ekc5foq1r","SC Freiburg","","first_team","Created from official 2026/27 squad (Centre-Forward, TM 916623)"
"2026-09-30T13:32:28.842Z","cmuihq0jy004bh29e4vb2kecf","FC Augsburg","cmuihvyr406bvsexpmij16kso","Dimitrios Giannoulis","DETACH","cmuihq0jy004bh29e4vb2kecf","FC Augsburg","","Unassigned (Detached)","first_team","departed","Absent from official 2026/27 Transfermarkt squad"
"2026-09-30T13:32:28.842Z","cmuihq0jy004bh29e4vb2kecf","FC Augsburg","cmuihvyqw066ssexpcqg1hjnk","Mads Pedersen","DETACH","cmuihq0jy004bh29e4vb2kecf","FC Augsburg","","Unassigned (Detached)","first_team","departed","Absent from official 2026/27 Transfermarkt squad"
"2026-09-30T13:32:28.842Z","cmuihq0jy004bh29e4vb2kecf","FC Augsburg","cmuihw24t0adesexp626vd4a6","Thomas Kastanaras","DETACH","cmuihq0jy004bh29e4vb2kecf","FC Augsburg","","Unassigned (Detached)","first_team","departed","Absent from official 2026/27 Transfermarkt squad"
"2026-09-30T13:32:28.842Z","cmuihq0jy004bh29e4vb2kecf","FC Augsburg","cmuihw2px0ashsexp639wlrb4","Mahmut Kücüksahin","DETACH","cmuihq0jy004bh29e4vb2kecf","FC Augsburg","","Unassigned (Detached)","first_team","departed","Absent from official 2026/27 Transfermarkt squad"
"2026-09-30T13:32:28.842Z","cmuihq0jy004bh29e4vb2kecf","FC Augsburg","cmuihvzvt07fcsexp1bjyzb4q","Kristijan Jakic","DETACH","cmuihq0jy004bh29e4vb2kecf","FC Augsburg","","Unassigned (Detached)","first_team","departed","Absent from official 2026/27 Transfermarkt squad"
"2026-09-30T13:32:28.842Z","cmuihq0jy004bh29e4vb2kecf","FC Augsburg","cmuihvzvx07i8sexpgmrwdl5e","Cédric Zesiger","DETACH","cmuihq0jy004bh29e4vb2kecf","FC Augsburg","","Unassigned (Detached)","first_team","departed","Absent from official 2026/27 Transfermarkt squad"
"2026-09-30T13:32:28.842Z","cmuihq0jy004bh29e4vb2kecf","FC Augsburg","cmuihw3ey0blasexplq2gphky","Aiman Dardari","DETACH","cmuihq0jy004bh29e4vb2kecf","FC Augsburg","","Unassigned (Detached)","first_team","departed","Absent from official 2026/27 Transfermarkt squad"
"2026-09-30T13:32:28.842Z","cmuihq0jy004bh29e4vb2kecf","FC Augsburg","cmuihw43e0bzqsexpqm9ocj10","Oliver Sorg","DETACH","cmuihq0jy004bh29e4vb2kecf","FC Augsburg","","Unassigned (Detached)","first_team","departed","Absent from official 2026/27 Transfermarkt squad"
"2026-09-30T13:32:28.842Z","cmuihq0jy004bh29e4vb2kecf","FC Augsburg","cmuihw43i0c3ksexpetyzeduy","Kyliane Dong","DETACH","cmuihq0jy004bh29e4vb2kecf","FC Augsburg","","Unassigned (Detached)","first_team","departed","Absent from official 2026/27 Transfermarkt squad"
"2026-09-30T13:32:28.842Z","cmuihq0jy004bh29e4vb2kecf","FC Augsburg","cmuihvzwn07yxsexplj8bzayz","Keven Schlotterbeck","DETACH","cmuihq0jy004bh29e4vb2kecf","FC Augsburg","","Unassigned (Detached)","first_team","departed","Absent from official 2026/27 Transfermarkt squad"
"2026-09-30T13:32:28.842Z","cmuihq0jy004bh29e4vb2kecf","FC Augsburg","cmuihw1br08zdsexp10g1uqjs","Elias Saad","DETACH","cmuihq0jy004bh29e4vb2kecf","FC Augsburg","","Unassigned (Detached)","first_team","departed","Absent from official 2026/27 Transfermarkt squad"
"2026-09-30T13:32:28.842Z","cmuihq0jy004bh29e4vb2kecf","FC Augsburg","cmuihw4460cjhsexpqh6kib3i","Felix Meiser","DETACH","cmuihq0jy004bh29e4vb2kecf","FC Augsburg","","Unassigned (Detached)","first_team","departed","Absent from official 2026/27 Transfermarkt squad"
"2026-09-30T13:32:28.842Z","cmuihq0jy004bh29e4vb2kecf","FC Augsburg","cmuihw43d0byosexpmr511u5u","Tom Wisbereit","ATTACH","","Unassigned","cmuihq0jy004bh29e4vb2kecf","FC Augsburg","departed","first_team","Confirmed in 2026/27 squad (Goalkeeper, TM 954082)"
"2026-09-30T13:32:28.842Z","cmuihq0jy004bh29e4vb2kecf","FC Augsburg","cmuihw4qz0cqysexpdgvou9d7","Juma Bah","ATTACH","","Unassigned","cmuihq0jy004bh29e4vb2kecf","FC Augsburg","departed","first_team","Confirmed in 2026/27 squad (Centre-Back, TM 1121298)"
"2026-09-30T13:32:28.842Z","cmuihq0jy004bh29e4vb2kecf","FC Augsburg","cmuihw3eh0b9dsexpfm0eaqzd","Hennes Behrens","ATTACH","","Unassigned","cmuihq0jy004bh29e4vb2kecf","FC Augsburg","departed","first_team","Confirmed in 2026/27 squad (Left-Back, TM 829838)"
"2026-09-30T13:32:28.842Z","cmuihq0jy004bh29e4vb2kecf","FC Augsburg","cmuihvzb506ygsexpf1qhsc01","Yannik Keitel","ATTACH","","Unassigned","cmuihq0jy004bh29e4vb2kecf","FC Augsburg","departed","first_team","Confirmed in 2026/27 squad (Defensive Midfield, TM 342039)"
"2026-09-30T13:32:28.842Z","cmuihq0jy004bh29e4vb2kecf","FC Augsburg","cmuihw1dk09flsexpwv4jq30f","Tim Breithaupt","ATTACH","","Unassigned","cmuihq0jy004bh29e4vb2kecf","FC Augsburg","departed","first_team","Confirmed in 2026/27 squad (Defensive Midfield, TM 569457)"
"2026-09-30T13:32:28.842Z","cmuihq0jy004bh29e4vb2kecf","FC Augsburg","cmuihw4rb0cv5sexpvvo65s2n","Tim Schnitzer","ATTACH","","Unassigned","cmuihq0jy004bh29e4vb2kecf","FC Augsburg","departed","first_team","Confirmed in 2026/27 squad (Defensive Midfield, TM 1162968)"
"2026-09-30T13:32:28.842Z","cmuihq0jy004bh29e4vb2kecf","FC Augsburg","cmuihw4r10cs0sexpaf3io0t8","Faik Sakar","ATTACH","","Unassigned","cmuihq0jy004bh29e4vb2kecf","FC Augsburg","departed","first_team","Confirmed in 2026/27 squad (Left Winger, TM 1132292)"
"2026-09-30T13:32:28.842Z","cmuihq0jy004bh29e4vb2kecf","FC Augsburg","cmuihvvzg03ggsexp9ce0iae1","Michael Gregoritsch","REASSIGN","cmuihq5qq0075h29elabq5hjd","FC Schalke 04","cmuihq0jy004bh29e4vb2kecf","FC Augsburg","first_team","first_team","Transferred from FC Schalke 04 to FC Augsburg (TM 120205)"
"2026-09-30T13:32:28.842Z","cmuihq0jy004bh29e4vb2kecf","FC Augsburg","cmuo5acs8001kitgy4pmhkop2","Calvin Brackelmann","CREATE","","None (New Player)","cmuihq0jy004bh29e4vb2kecf","FC Augsburg","","first_team","Created from official 2026/27 squad (Centre-Back, TM 358766)"
"2026-09-30T13:32:28.842Z","cmuihq0jy004bh29e4vb2kecf","FC Augsburg","cmuo5acx1001mitgyrq18x90y","Young-woo Seol","CREATE","","None (New Player)","cmuihq0jy004bh29e4vb2kecf","FC Augsburg","","first_team","Created from official 2026/27 squad (Right-Back, TM 639414)"
"2026-09-30T13:32:28.842Z","cmuihq0jy004bh29e4vb2kecf","FC Augsburg","cmuo5ad1b001oitgyduke1uqw","Sima Suso","CREATE","","None (New Player)","cmuihq0jy004bh29e4vb2kecf","FC Augsburg","","first_team","Created from official 2026/27 squad (Central Midfield, TM 928265)"
"2026-09-30T13:32:28.842Z","cmuihq0jy004bh29e4vb2kecf","FC Augsburg","cmuo5ad5y001qitgyyc8ivkrl","Uchenna Ogundu","CREATE","","None (New Player)","cmuihq0jy004bh29e4vb2kecf","FC Augsburg","","first_team","Created from official 2026/27 squad (Centre-Forward, TM 1309324)"
"2026-09-30T13:32:28.842Z","cmuihq0jy004bh29e4vb2kecf","FC Augsburg","cmuo5adfx001sitgyv1l73rtv","Steve Mounié","CREATE","","None (New Player)","cmuihq0jy004bh29e4vb2kecf","FC Augsburg","","first_team","Created from official 2026/27 squad (Centre-Forward, TM 238639)"
"2026-09-30T13:32:32.866Z","cmuihq84d008jh29e385ruvj0","1.FSV Mainz 05","cmuihvzvq07d8sexpq4239ois","Andreas Hanche-Olsen","DETACH","cmuihq84d008jh29e385ruvj0","1.FSV Mainz 05","","Unassigned (Detached)","first_team","departed","Absent from official 2026/27 Transfermarkt squad"
"2026-09-30T13:32:32.866Z","cmuihq84d008jh29e385ruvj0","1.FSV Mainz 05","cmuihw2qa0b19sexp92466i8n","Nelson Weiper","DETACH","cmuihq84d008jh29e385ruvj0","1.FSV Mainz 05","","Unassigned (Detached)","first_team","departed","Absent from official 2026/27 Transfermarkt squad"
"2026-09-30T13:32:32.866Z","cmuihq84d008jh29e385ruvj0","1.FSV Mainz 05","cmuihw0k608pisexp0rtqha6v","Lasse Rieß","DETACH","cmuihq84d008jh29e385ruvj0","1.FSV Mainz 05","","Unassigned (Detached)","first_team","departed","Absent from official 2026/27 Transfermarkt squad"
"2026-09-30T13:32:32.866Z","cmuihq84d008jh29e385ruvj0","1.FSV Mainz 05","cmuihw4470ck8sexp9s0ofo5b","Kacper Potulski","ATTACH","","Unassigned","cmuihq84d008jh29e385ruvj0","1.FSV Mainz 05","departed","first_team","Confirmed in 2026/27 squad (Centre-Back, TM 1073748)"
"2026-09-30T13:32:32.866Z","cmuihq84d008jh29e385ruvj0","1.FSV Mainz 05","cmuihvy5z055dsexpe0aljot3","Stefan Posch","ATTACH","","Unassigned","cmuihq84d008jh29e385ruvj0","1.FSV Mainz 05","departed","first_team","Confirmed in 2026/27 squad (Centre-Back, TM 223974)"
"2026-09-30T13:32:32.866Z","cmuihq84d008jh29e385ruvj0","1.FSV Mainz 05","cmuihw23w09nysexp0iz63n61","Eric Martel","ATTACH","","Unassigned","cmuihq84d008jh29e385ruvj0","1.FSV Mainz 05","departed","first_team","Confirmed in 2026/27 squad (Defensive Midfield, TM 597000)"
"2026-09-30T13:32:32.866Z","cmuihq84d008jh29e385ruvj0","1.FSV Mainz 05","cmuihw2px0at0sexp43ofmtu2","Sota Kawasaki","ATTACH","","Unassigned","cmuihq84d008jh29e385ruvj0","1.FSV Mainz 05","departed","first_team","Confirmed in 2026/27 squad (Defensive Midfield, TM 733371)"
"2026-09-30T13:32:32.866Z","cmuihq84d008jh29e385ruvj0","1.FSV Mainz 05","cmuihvxg004ldsexpdhem04l5","Sheraldo Becker","ATTACH","","Unassigned","cmuihq84d008jh29e385ruvj0","1.FSV Mainz 05","departed","first_team","Confirmed in 2026/27 squad (Left Winger, TM 188888)"
"2026-09-30T13:32:32.866Z","cmuihq84d008jh29e385ruvj0","1.FSV Mainz 05","cmuihw24309t1sexpaw7vwup5","Silas","ATTACH","","Unassigned","cmuihq84d008jh29e385ruvj0","1.FSV Mainz 05","departed","first_team","Confirmed in 2026/27 squad (Right Winger, TM 612826)"
"2026-09-30T13:32:32.866Z","cmuihq84d008jh29e385ruvj0","1.FSV Mainz 05","cmuihw0jb08bcsexplqqjgy5u","Benedict Hollerbach","ATTACH","","Unassigned","cmuihq84d008jh29e385ruvj0","1.FSV Mainz 05","departed","first_team","Confirmed in 2026/27 squad (Centre-Forward, TM 453870)"
"2026-09-30T13:32:32.866Z","cmuihq84d008jh29e385ruvj0","1.FSV Mainz 05","cmuihw0js08ihsexp0jzhozbg","Ransford Königsdörffer","ATTACH","","Unassigned","cmuihq84d008jh29e385ruvj0","1.FSV Mainz 05","departed","first_team","Confirmed in 2026/27 squad (Centre-Forward, TM 470038)"
"2026-09-30T13:32:32.866Z","cmuihq84d008jh29e385ruvj0","1.FSV Mainz 05","cmuihvyqw066msexp1o3t37rw","Phillip Tietz","ATTACH","","Unassigned","cmuihq84d008jh29e385ruvj0","1.FSV Mainz 05","departed","first_team","Confirmed in 2026/27 squad (Centre-Forward, TM 288340)"
"2026-09-30T13:32:32.866Z","cmuihq84d008jh29e385ruvj0","1.FSV Mainz 05","cmuihw23u09mxsexp6jt35c56","Fabio Gruber","REASSIGN","cmuihq8i1008rh29ezyaa5yr4","1.FC Nuremberg","cmuihq84d008jh29e385ruvj0","1.FSV Mainz 05","first_team","first_team","Transferred from 1.FC Nuremberg to 1.FSV Mainz 05 (TM 594731)"
"2026-09-30T13:32:32.866Z","cmuihq84d008jh29e385ruvj0","1.FSV Mainz 05","cmuo5afv3001vitgyxuwnj3bh","Alexander Schwolow","CREATE","","None (New Player)","cmuihq84d008jh29e385ruvj0","1.FSV Mainz 05","","first_team","Created from official 2026/27 squad (Goalkeeper, TM 93763)"
"2026-09-30T13:32:32.866Z","cmuihq84d008jh29e385ruvj0","1.FSV Mainz 05","cmuo5afzh001xitgyq8g3bkan","Maximilian Kinzig","CREATE","","None (New Player)","cmuihq84d008jh29e385ruvj0","1.FSV Mainz 05","","first_team","Created from official 2026/27 squad (Goalkeeper, TM 817521)"
"2026-09-30T13:32:32.866Z","cmuihq84d008jh29e385ruvj0","1.FSV Mainz 05","cmuo5ag49001zitgyp0pdvecp","Rael Nakuzola","CREATE","","None (New Player)","cmuihq84d008jh29e385ruvj0","1.FSV Mainz 05","","first_team","Created from official 2026/27 squad (Left-Back, TM 1112952)"
"2026-09-30T13:32:32.866Z","cmuihq84d008jh29e385ruvj0","1.FSV Mainz 05","cmuo5ag8u0021itgyizatlhst","Otto Ruoppi","CREATE","","None (New Player)","cmuihq84d008jh29e385ruvj0","1.FSV Mainz 05","","first_team","Created from official 2026/27 squad (Attacking Midfield, TM 901877)"
"2026-09-30T13:32:32.866Z","cmuihq84d008jh29e385ruvj0","1.FSV Mainz 05","cmuo5agdf0023itgy50gk38qi","Alynho Haidara","CREATE","","None (New Player)","cmuihq84d008jh29e385ruvj0","1.FSV Mainz 05","","first_team","Created from official 2026/27 squad (Centre-Forward, TM 1392952)"
"2026-09-30T13:32:35.837Z","cmuihq50l006th29e3bm3uces","1.FC Köln","cmuihvzw507oosexpdn7wvl5q","Jusuf Gazibegovic","DETACH","cmuihq50l006th29e3bm3uces","1.FC Köln","","Unassigned (Detached)","first_team","departed","Absent from official 2026/27 Transfermarkt squad"
"2026-09-30T13:32:35.837Z","cmuihq50l006th29e3bm3uces","1.FC Köln","cmuihvzwj07vwsexpp6ry2f6m","Jakub Kamiński","DETACH","cmuihq50l006th29e3bm3uces","1.FC Köln","","Unassigned (Detached)","first_team","departed","Absent from official 2026/27 Transfermarkt squad"
"2026-09-30T13:32:35.837Z","cmuihq50l006th29e3bm3uces","1.FC Köln","cmuihw3eu0bijsexp9i8zlyiw","Fayssal Harchaoui","DETACH","cmuihq50l006th29e3bm3uces","1.FC Köln","","Unassigned (Detached)","first_team","departed","Absent from official 2026/27 Transfermarkt squad"
"2026-09-30T13:32:35.837Z","cmuihq50l006th29e3bm3uces","1.FC Köln","cmuihw3fd0bwmsexpns5zxp3p","Youssoupha Niang","DETACH","cmuihq50l006th29e3bm3uces","1.FC Köln","","Unassigned (Detached)","first_team","departed","Absent from official 2026/27 Transfermarkt squad"
"2026-09-30T13:32:35.837Z","cmuihq50l006th29e3bm3uces","1.FC Köln","cmuihw4qy0cqesexp5n87dt2g","Fynn Schenten","DETACH","cmuihq50l006th29e3bm3uces","1.FC Köln","","Unassigned (Detached)","first_team","departed","Absent from official 2026/27 Transfermarkt squad"
"2026-09-30T13:32:35.837Z","cmuihq50l006th29e3bm3uces","1.FC Köln","cmuihw4480cl4sexpbyt1gq99","Martin James","ATTACH","","Unassigned","cmuihq50l006th29e3bm3uces","1.FC Köln","departed","first_team","Confirmed in 2026/27 squad (Goalkeeper, TM 1077676)"
"2026-09-30T13:32:35.837Z","cmuihq50l006th29e3bm3uces","1.FC Köln","cmuihw3fc0bwasexp209c1yjc","Jahmai Simpson-Pusey","ATTACH","","Unassigned","cmuihq50l006th29e3bm3uces","1.FC Köln","departed","first_team","Confirmed in 2026/27 squad (Centre-Back, TM 942497)"
"2026-09-30T13:32:35.837Z","cmuihq50l006th29e3bm3uces","1.FC Köln","cmuihvzwb07rdsexprebs0p3b","Gideon Mensah","ATTACH","","Unassigned","cmuihq50l006th29e3bm3uces","1.FC Köln","departed","first_team","Confirmed in 2026/27 squad (Left-Back, TM 397171)"
"2026-09-30T13:32:35.837Z","cmuihq50l006th29e3bm3uces","1.FC Köln","cmuihvyr306aysexpbg4y034s","Borna Sosa","ATTACH","","Unassigned","cmuihq50l006th29e3bm3uces","1.FC Köln","departed","first_team","Confirmed in 2026/27 squad (Left-Back, TM 293194)"
"2026-09-30T13:32:35.837Z","cmuihq50l006th29e3bm3uces","1.FC Köln","cmuihvyqy068lsexpkgi3k77y","Ellyes Skhiri","ATTACH","","Unassigned","cmuihq50l006th29e3bm3uces","1.FC Köln","departed","first_team","Confirmed in 2026/27 squad (Defensive Midfield, TM 290587)"
"2026-09-30T13:32:35.837Z","cmuihq50l006th29e3bm3uces","1.FC Köln","cmuihw4400cfwsexpn20dh240","Reigan Heskey","ATTACH","","Unassigned","cmuihq50l006th29e3bm3uces","1.FC Köln","departed","first_team","Confirmed in 2026/27 squad (Left Winger, TM 1056437)"
"2026-09-30T13:32:35.837Z","cmuihq50l006th29e3bm3uces","1.FC Köln","cmuihw1cs094dsexpo8yt1gwk","Thijs Dallinga","ATTACH","","Unassigned","cmuihq50l006th29e3bm3uces","1.FC Köln","departed","first_team","Confirmed in 2026/27 squad (Centre-Forward, TM 538964)"
"2026-09-30T13:32:35.837Z","cmuihq50l006th29e3bm3uces","1.FC Köln","cmuihvzb8070psexpf2ykhogl","Luka Lochoshvili","REASSIGN","cmuihq8i1008rh29ezyaa5yr4","1.FC Nuremberg","cmuihq50l006th29e3bm3uces","1.FC Köln","first_team","first_team","Transferred from 1.FC Nuremberg to 1.FC Köln (TM 345189)"
"2026-09-30T13:32:35.837Z","cmuihq50l006th29e3bm3uces","1.FC Köln","cmuo5ai9a0026itgy67bs4ygz","Alessio Castro-Montes","CREATE","","None (New Player)","cmuihq50l006th29e3bm3uces","1.FC Köln","","first_team","Created from official 2026/27 squad (Right-Back, TM 340166)"
"2026-09-30T13:32:35.837Z","cmuihq50l006th29e3bm3uces","1.FC Köln","cmuo5aidw0028itgy8k3fhm6i","Paul Okon-Engstler","CREATE","","None (New Player)","cmuihq50l006th29e3bm3uces","1.FC Köln","","first_team","Created from official 2026/27 squad (Defensive Midfield, TM 1064377)"
"2026-09-30T13:32:35.837Z","cmuihq50l006th29e3bm3uces","1.FC Köln","cmuo5aiin002aitgykwt2hq5l","Gil Neves","CREATE","","None (New Player)","cmuihq50l006th29e3bm3uces","1.FC Köln","","first_team","Created from official 2026/27 squad (Central Midfield, TM 1073474)"
"2026-09-30T13:32:35.837Z","cmuihq50l006th29e3bm3uces","1.FC Köln","cmuo5aisp002citgy4ymi26ru","Mikey Moore","CREATE","","None (New Player)","cmuihq50l006th29e3bm3uces","1.FC Köln","","first_team","Created from official 2026/27 squad (Right Winger, TM 1011147)"
"2026-09-30T13:32:35.837Z","cmuihq50l006th29e3bm3uces","1.FC Köln","cmuo5aixb002eitgy1mgdbjkw","Imad Rondic","CREATE","","None (New Player)","cmuihq50l006th29e3bm3uces","1.FC Köln","","first_team","Created from official 2026/27 squad (Centre-Forward, TM 464154)"
"2026-09-30T13:32:40.736Z","cmuihq9070091h29ex9cb7wyt","Hamburger SV","cmuihvvwf03a0sexp710iefpr","Jonas Meffert","DETACH","cmuihq9070091h29ex9cb7wyt","Hamburger SV","","Unassigned (Detached)","first_team","departed","Absent from official 2026/27 Transfermarkt squad"
"2026-09-30T13:32:40.736Z","cmuihq9070091h29ex9cb7wyt","Hamburger SV","cmuihvxg604pusexpgymlsef8","Robert Glatzel","DETACH","cmuihq9070091h29ex9cb7wyt","Hamburger SV","","Unassigned (Detached)","first_team","departed","Absent from official 2026/27 Transfermarkt squad"
"2026-09-30T13:32:40.736Z","cmuihq9070091h29ex9cb7wyt","Hamburger SV","cmuihvyqz069fsexpycp55es5","Jean-Luc Dompé","DETACH","cmuihq9070091h29ex9cb7wyt","Hamburger SV","","Unassigned (Detached)","first_team","departed","Absent from official 2026/27 Transfermarkt squad"
"2026-09-30T13:32:40.736Z","cmuihq9070091h29ex9cb7wyt","Hamburger SV","cmuihw2q00avjsexpc52jsqh4","William Mikelbrencis","DETACH","cmuihq9070091h29ex9cb7wyt","Hamburger SV","","Unassigned (Detached)","first_team","departed","Absent from official 2026/27 Transfermarkt squad"
"2026-09-30T13:32:40.736Z","cmuihq9070091h29ex9cb7wyt","Hamburger SV","cmuihw0js08ifsexpskzhjx1y","Noah Katterbach","DETACH","cmuihq9070091h29ex9cb7wyt","Hamburger SV","","Unassigned (Detached)","first_team","departed","Absent from official 2026/27 Transfermarkt squad"
"2026-09-30T13:32:40.736Z","cmuihq9070091h29ex9cb7wyt","Hamburger SV","cmuihw1bt090esexpxudnkj64","Daniel Elfadli","DETACH","cmuihq9070091h29ex9cb7wyt","Hamburger SV","","Unassigned (Detached)","first_team","departed","Absent from official 2026/27 Transfermarkt squad"
"2026-09-30T13:32:40.736Z","cmuihq9070091h29ex9cb7wyt","Hamburger SV","cmuihw3ew0bjpsexpak2zm6rf","Hannes Hermann","DETACH","cmuihq9070091h29ex9cb7wyt","Hamburger SV","","Unassigned (Detached)","first_team","departed","Absent from official 2026/27 Transfermarkt squad"
"2026-09-30T13:32:40.736Z","cmuihq9070091h29ex9cb7wyt","Hamburger SV","cmuihw43y0cepsexpr7m66iem","Aboubaka Soumahoro","DETACH","cmuihq9070091h29ex9cb7wyt","Hamburger SV","","Unassigned (Detached)","first_team","departed","Absent from official 2026/27 Transfermarkt squad"
"2026-09-30T13:32:40.736Z","cmuihq9070091h29ex9cb7wyt","Hamburger SV","cmuihw1d4098osexpgtrs3mt8","Sander Tangvik","ATTACH","","Unassigned","cmuihq9070091h29ex9cb7wyt","Hamburger SV","departed","first_team","Confirmed in 2026/27 squad (Goalkeeper, TM 549378)"
"2026-09-30T13:32:40.736Z","cmuihq9070091h29ex9cb7wyt","Hamburger SV","cmuihw43y0ce5sexp09dp9j50","Fernando Dickes","ATTACH","","Unassigned","cmuihq9070091h29ex9cb7wyt","Hamburger SV","departed","first_team","Confirmed in 2026/27 squad (Goalkeeper, TM 1048715)"
"2026-09-30T13:32:40.736Z","cmuihq9070091h29ex9cb7wyt","Hamburger SV","cmuihw24i0a50sexpapqrc2mw","Nicolás Capaldo","ATTACH","","Unassigned","cmuihq9070091h29ex9cb7wyt","Hamburger SV","departed","first_team","Confirmed in 2026/27 squad (Centre-Back, TM 649672)"
"2026-09-30T13:32:40.736Z","cmuihq9070091h29ex9cb7wyt","Hamburger SV","cmuihvzb006uosexpsd3zs5lh","Sebastiaan Bornauw","ATTACH","","Unassigned","cmuihq9070091h29ex9cb7wyt","Hamburger SV","departed","first_team","Confirmed in 2026/27 squad (Centre-Back, TM 338629)"
"2026-09-30T13:32:40.736Z","cmuihq9070091h29ex9cb7wyt","Hamburger SV","cmuihw2ps0ao8sexpw3dpsyzl","Warmed Omari","ATTACH","","Unassigned","cmuihq9070091h29ex9cb7wyt","Hamburger SV","departed","first_team","Confirmed in 2026/27 squad (Centre-Back, TM 711996)"
"2026-09-30T13:32:40.736Z","cmuihq9070091h29ex9cb7wyt","Hamburger SV","cmuihvy62057isexpy64c1zvq","Jordan Torunarigha","ATTACH","","Unassigned","cmuihq9070091h29ex9cb7wyt","Hamburger SV","departed","first_team","Confirmed in 2026/27 squad (Centre-Back, TM 227110)"
"2026-09-30T13:32:40.736Z","cmuihq9070091h29ex9cb7wyt","Hamburger SV","cmuihw4r00crbsexp6bvreup7","Shafiq Nandja","ATTACH","","Unassigned","cmuihq9070091h29ex9cb7wyt","Hamburger SV","departed","first_team","Confirmed in 2026/27 squad (Centre-Back, TM 1125079)"
"2026-09-30T13:32:40.736Z","cmuihq9070091h29ex9cb7wyt","Hamburger SV","cmuihw24n0a8usexpopnndrum","David Møller Wolfe","ATTACH","","Unassigned","cmuihq9070091h29ex9cb7wyt","Hamburger SV","departed","first_team","Confirmed in 2026/27 squad (Left-Back, TM 661427)"
"2026-09-30T13:32:40.736Z","cmuihq9070091h29ex9cb7wyt","Hamburger SV","cmuihw4ru0d3qsexpd12h5nr2","Louis Lemke","ATTACH","","Unassigned","cmuihq9070091h29ex9cb7wyt","Hamburger SV","departed","first_team","Confirmed in 2026/27 squad (Left-Back, TM 1294853)"
"2026-09-30T13:32:40.736Z","cmuihq9070091h29ex9cb7wyt","Hamburger SV","cmuihw1et09m6sexp276pdndi","Nicolai Remberg","ATTACH","","Unassigned","cmuihq9070091h29ex9cb7wyt","Hamburger SV","departed","first_team","Confirmed in 2026/27 squad (Defensive Midfield, TM 592534)"
"2026-09-30T13:32:40.736Z","cmuihq9070091h29ex9cb7wyt","Hamburger SV","cmuihw2qg0b5usexprutvg3oa","Kofi Amoako","ATTACH","","Unassigned","cmuihq9070091h29ex9cb7wyt","Hamburger SV","departed","first_team","Confirmed in 2026/27 squad (Defensive Midfield, TM 814950)"
"2026-09-30T13:32:40.736Z","cmuihq9070091h29ex9cb7wyt","Hamburger SV","cmuihvzvx07i6sexp14mj4u9l","Albert Sambi Lokonga","ATTACH","","Unassigned","cmuihq9070091h29ex9cb7wyt","Hamburger SV","departed","first_team","Confirmed in 2026/27 squad (Central Midfield, TM 381967)"
"2026-09-30T13:32:40.736Z","cmuihq9070091h29ex9cb7wyt","Hamburger SV","cmuihw24m0a86sexpeatli6q7","Bilal Nadir","ATTACH","","Unassigned","cmuihq9070091h29ex9cb7wyt","Hamburger SV","departed","first_team","Confirmed in 2026/27 squad (Central Midfield, TM 659520)"
"2026-09-30T13:32:40.736Z","cmuihq9070091h29ex9cb7wyt","Hamburger SV","cmuihw1bz093nsexp8y79ccti","Fábio Vieira","ATTACH","","Unassigned","cmuihq9070091h29ex9cb7wyt","Hamburger SV","departed","first_team","Confirmed in 2026/27 squad (Attacking Midfield, TM 537598)"
"2026-09-30T13:32:40.736Z","cmuihq9070091h29ex9cb7wyt","Hamburger SV","cmuihw2qg0b5vsexpyjhu67q1","Martin Adeline","ATTACH","","Unassigned","cmuihq9070091h29ex9cb7wyt","Hamburger SV","departed","first_team","Confirmed in 2026/27 squad (Attacking Midfield, TM 814976)"
"2026-09-30T13:32:40.736Z","cmuihq9070091h29ex9cb7wyt","Hamburger SV","cmuihw0k908stsexplkaykm69","Albert Grønbaek","ATTACH","","Unassigned","cmuihq9070091h29ex9cb7wyt","Hamburger SV","departed","first_team","Confirmed in 2026/27 squad (Attacking Midfield, TM 503866)"
"2026-09-30T13:32:40.736Z","cmuihq9070091h29ex9cb7wyt","Hamburger SV","cmuihw1cs0945sexpb7nf33tb","Terem Moffi","ATTACH","","Unassigned","cmuihq9070091h29ex9cb7wyt","Hamburger SV","departed","first_team","Confirmed in 2026/27 squad (Centre-Forward, TM 538874)"
"2026-09-30T13:32:40.736Z","cmuihq9070091h29ex9cb7wyt","Hamburger SV","cmuihw4410cgqsexpof0hlbc1","Otto Stange","ATTACH","","Unassigned","cmuihq9070091h29ex9cb7wyt","Hamburger SV","departed","first_team","Confirmed in 2026/27 squad (Centre-Forward, TM 1058520)"
"2026-09-30T13:32:40.736Z","cmuihq9070091h29ex9cb7wyt","Hamburger SV","cmuihvzvo07bvsexphjzdbpde","Patson Daka","ATTACH","","Unassigned","cmuihq9070091h29ex9cb7wyt","Hamburger SV","departed","first_team","Confirmed in 2026/27 squad (Centre-Forward, TM 365172)"
"2026-09-30T13:32:40.736Z","cmuihq9070091h29ex9cb7wyt","Hamburger SV","cmuihvws2041lsexprizjy4r1","Yussuf Poulsen","ATTACH","","Unassigned","cmuihq9070091h29ex9cb7wyt","Hamburger SV","departed","first_team","Confirmed in 2026/27 squad (Centre-Forward, TM 157635)"
"2026-09-30T13:32:40.736Z","cmuihq9070091h29ex9cb7wyt","Hamburger SV","cmuo5aluo002hitgyc82qresp","Elias Lahti","CREATE","","None (New Player)","cmuihq9070091h29ex9cb7wyt","Hamburger SV","","first_team","Created from official 2026/27 squad (Goalkeeper, TM 1303450)"
"2026-09-30T13:32:40.736Z","cmuihq9070091h29ex9cb7wyt","Hamburger SV","cmuo5am3o002jitgyz885sm1c","Mario Vuskovic","CREATE","","None (New Player)","cmuihq9070091h29ex9cb7wyt","Hamburger SV","","first_team","Created from official 2026/27 squad (Centre-Back, TM 432757)"
"2026-09-30T13:32:40.736Z","cmuihq9070091h29ex9cb7wyt","Hamburger SV","cmuo5am8n002litgyd9frg0xa","Zakaria El Ouahdi","CREATE","","None (New Player)","cmuihq9070091h29ex9cb7wyt","Hamburger SV","","first_team","Created from official 2026/27 squad (Right-Back, TM 820474)"
"2026-09-30T13:32:43.485Z","cmuihq0qz004fh29e00fpn7fy","Borussia Mönchengladbach","cmuihw3eg0b80sexp5jojlu3b","Jan Urbich","DETACH","cmuihq0qz004fh29e00fpn7fy","Borussia Mönchengladbach","","Unassigned (Detached)","first_team","departed","Absent from official 2026/27 Transfermarkt squad"
"2026-09-30T13:32:43.485Z","cmuihq0qz004fh29e00fpn7fy","Borussia Mönchengladbach","cmuihw3f40bpwsexp7iciwyej","Tiago Pereira Cardoso","DETACH","cmuihq0qz004fh29e00fpn7fy","Borussia Mönchengladbach","","Unassigned (Detached)","first_team","departed","Absent from official 2026/27 Transfermarkt squad"
"2026-09-30T13:32:43.485Z","cmuihq0qz004fh29e00fpn7fy","Borussia Mönchengladbach","cmuihw43r0c91sexp4puossrt","Niklas Swider","DETACH","cmuihq0qz004fh29e00fpn7fy","Borussia Mönchengladbach","","Unassigned (Detached)","first_team","departed","Absent from official 2026/27 Transfermarkt squad"
"2026-09-30T13:32:43.485Z","cmuihq0qz004fh29e00fpn7fy","Borussia Mönchengladbach","cmuihw0jc08bvsexp26bdwpyv","Jan Olschowsky","ATTACH","","Unassigned","cmuihq0qz004fh29e00fpn7fy","Borussia Mönchengladbach","departed","first_team","Confirmed in 2026/27 squad (Goalkeeper, TM 455922)"
"2026-09-30T13:32:43.485Z","cmuihq0qz004fh29e00fpn7fy","Borussia Mönchengladbach","cmuihvvvw031vsexp4ef0rukp","Daniel Batz","ATTACH","","Unassigned","cmuihq0qz004fh29e00fpn7fy","Borussia Mönchengladbach","departed","first_team","Confirmed in 2026/27 squad (Goalkeeper, TM 90317)"
"2026-09-30T13:32:43.485Z","cmuihq0qz004fh29e00fpn7fy","Borussia Mönchengladbach","cmuihvzau06rksexpb75wmkjj","Kevin Diks","ATTACH","","Unassigned","cmuihq0qz004fh29e00fpn7fy","Borussia Mönchengladbach","departed","first_team","Confirmed in 2026/27 squad (Centre-Back, TM 335209)"
"2026-09-30T13:32:43.485Z","cmuihq0qz004fh29e00fpn7fy","Borussia Mönchengladbach","cmuihw24309t4sexp40ialn1v","Jens Castrop","ATTACH","","Unassigned","cmuihq0qz004fh29e00fpn7fy","Borussia Mönchengladbach","departed","first_team","Confirmed in 2026/27 squad (Central Midfield, TM 613192)"
"2026-09-30T13:32:43.485Z","cmuihq0qz004fh29e00fpn7fy","Borussia Mönchengladbach","cmuihw4460cjosexplzuocd8o","Wael Mohya","ATTACH","","Unassigned","cmuihq0qz004fh29e00fpn7fy","Borussia Mönchengladbach","departed","first_team","Confirmed in 2026/27 squad (Attacking Midfield, TM 1070979)"
"2026-09-30T13:32:43.485Z","cmuihq0qz004fh29e00fpn7fy","Borussia Mönchengladbach","cmuihw4460cj8sexphkyyuycw","Fritz Fleck","ATTACH","","Unassigned","cmuihq0qz004fh29e00fpn7fy","Borussia Mönchengladbach","departed","first_team","Confirmed in 2026/27 squad (Attacking Midfield, TM 1067439)"
"2026-09-30T13:32:43.485Z","cmuihq0qz004fh29e00fpn7fy","Borussia Mönchengladbach","cmuihw24o0aa7sexpvyg3n44a","Hugo Bolin","ATTACH","","Unassigned","cmuihq0qz004fh29e00fpn7fy","Borussia Mönchengladbach","departed","first_team","Confirmed in 2026/27 squad (Left Winger, TM 667251)"
"2026-09-30T13:32:43.485Z","cmuihq0qz004fh29e00fpn7fy","Borussia Mönchengladbach","cmuihvzav06sbsexpuyj6igy6","Nicolas Kühn","ATTACH","","Unassigned","cmuihq0qz004fh29e00fpn7fy","Borussia Mönchengladbach","departed","first_team","Confirmed in 2026/27 squad (Right Winger, TM 336012)"
"2026-09-30T13:32:43.485Z","cmuihq0qz004fh29e00fpn7fy","Borussia Mönchengladbach","cmuihvzan06m6sexpo668x60u","Isac Lidberg","ATTACH","","Unassigned","cmuihq0qz004fh29e00fpn7fy","Borussia Mönchengladbach","departed","first_team","Confirmed in 2026/27 squad (Centre-Forward, TM 322073)"
"2026-09-30T13:32:43.485Z","cmuihq0qz004fh29e00fpn7fy","Borussia Mönchengladbach","cmuihw1d4098xsexpjia82rw0","Shuto Machino","ATTACH","","Unassigned","cmuihq0qz004fh29e00fpn7fy","Borussia Mönchengladbach","departed","first_team","Confirmed in 2026/27 squad (Centre-Forward, TM 550580)"
"2026-09-30T13:32:43.485Z","cmuihq0qz004fh29e00fpn7fy","Borussia Mönchengladbach","cmuihvzbi0773sexp4ongha72","Ko Itakura","REASSIGN","cmuihq5qq0075h29elabq5hjd","FC Schalke 04","cmuihq0qz004fh29e00fpn7fy","Borussia Mönchengladbach","first_team","first_team","Transferred from FC Schalke 04 to Borussia Mönchengladbach (TM 355816)"
"2026-09-30T13:32:43.485Z","cmuihq0qz004fh29e00fpn7fy","Borussia Mönchengladbach","cmuo5anzq002oitgyq3t3kmmt","Jan Leszczyński","CREATE","","None (New Player)","cmuihq0qz004fh29e00fpn7fy","Borussia Mönchengladbach","","first_team","Created from official 2026/27 squad (Centre-Back, TM 1118874)"
"2026-09-30T13:32:43.485Z","cmuihq0qz004fh29e00fpn7fy","Borussia Mönchengladbach","cmuo5ao3y002qitgysrpihx2n","David Herold","CREATE","","None (New Player)","cmuihq0qz004fh29e00fpn7fy","Borussia Mönchengladbach","","first_team","Created from official 2026/27 squad (Left-Back, TM 604358)"
"2026-09-30T13:32:43.485Z","cmuihq0qz004fh29e00fpn7fy","Borussia Mönchengladbach","cmuo5ao8h002sitgyaj33v2yd","Yukhym Konoplya","CREATE","","None (New Player)","cmuihq0qz004fh29e00fpn7fy","Borussia Mönchengladbach","","first_team","Created from official 2026/27 squad (Right-Back, TM 467250)"
"2026-09-30T13:32:43.485Z","cmuihq0qz004fh29e00fpn7fy","Borussia Mönchengladbach","cmuo5aod7002uitgyjyl07luh","Daiki Hashioka","CREATE","","None (New Player)","cmuihq0qz004fh29e00fpn7fy","Borussia Mönchengladbach","","first_team","Created from official 2026/27 squad (Right-Back, TM 387191)"
"2026-09-30T13:32:43.485Z","cmuihq0qz004fh29e00fpn7fy","Borussia Mönchengladbach","cmuo5aohs002witgyv3cpqdeo","Zento Uno","CREATE","","None (New Player)","cmuihq0qz004fh29e00fpn7fy","Borussia Mönchengladbach","","first_team","Created from official 2026/27 squad (Defensive Midfield, TM 957526)"
"2026-09-30T13:32:43.485Z","cmuihq0qz004fh29e00fpn7fy","Borussia Mönchengladbach","cmuo5aomf002yitgyec1gww27","Enzo Leopold","CREATE","","None (New Player)","cmuihq0qz004fh29e00fpn7fy","Borussia Mönchengladbach","","first_team","Created from official 2026/27 squad (Central Midfield, TM 383362)"
"2026-09-30T13:32:43.485Z","cmuihq0qz004fh29e00fpn7fy","Borussia Mönchengladbach","cmuo5aor80030itgyxqdde9sb","Mathieu Nguefack","CREATE","","None (New Player)","cmuihq0qz004fh29e00fpn7fy","Borussia Mönchengladbach","","first_team","Created from official 2026/27 squad (Central Midfield, TM 1070980)"
"2026-09-30T13:32:43.485Z","cmuihq0qz004fh29e00fpn7fy","Borussia Mönchengladbach","cmuo5aovu0032itgy3a8i0nec","Iaia Manco Danfa","CREATE","","None (New Player)","cmuihq0qz004fh29e00fpn7fy","Borussia Mönchengladbach","","first_team","Created from official 2026/27 squad (Centre-Forward, TM 1211929)"
"2026-09-30T13:32:47.492Z","cmuihqfqk00cnh29e7bfyem85","SV Werder Bremen","cmuihw3eh0b9hsexpwbxt4u46","Julián Malatini","DETACH","cmuihqfqk00cnh29e7bfyem85","SV Werder Bremen","","Unassigned (Detached)","first_team","departed","Absent from official 2026/27 Transfermarkt squad"
"2026-09-30T13:32:47.492Z","cmuihqfqk00cnh29e7bfyem85","SV Werder Bremen","cmuihw0k608prsexpa9blbqws","Karl Hein","ATTACH","","Unassigned","cmuihqfqk00cnh29e7bfyem85","SV Werder Bremen","departed","first_team","Confirmed in 2026/27 squad (Goalkeeper, TM 493513)"
"2026-09-30T13:32:47.492Z","cmuihqfqk00cnh29e7bfyem85","SV Werder Bremen","cmuihw43u0cb5sexpqe4s7poe","Stefan Smarkalev","ATTACH","","Unassigned","cmuihqfqk00cnh29e7bfyem85","SV Werder Bremen","departed","first_team","Confirmed in 2026/27 squad (Goalkeeper, TM 1025989)"
"2026-09-30T13:32:47.492Z","cmuihqfqk00cnh29e7bfyem85","SV Werder Bremen","cmuihw43x0cdhsexp5znz0rmo","Mick Schmetgens","ATTACH","","Unassigned","cmuihqfqk00cnh29e7bfyem85","SV Werder Bremen","departed","first_team","Confirmed in 2026/27 squad (Centre-Back, TM 1045986)"
"2026-09-30T13:32:47.492Z","cmuihqfqk00cnh29e7bfyem85","SV Werder Bremen","cmuihw24709w7sexpj1488xoz","Olivier Deman","ATTACH","","Unassigned","cmuihqfqk00cnh29e7bfyem85","SV Werder Bremen","departed","first_team","Confirmed in 2026/27 squad (Left-Back, TM 621802)"
"2026-09-30T13:32:47.492Z","cmuihqfqk00cnh29e7bfyem85","SV Werder Bremen","cmuihw43h0c2fsexp3014xy4l","Arthur","ATTACH","","Unassigned","cmuihqfqk00cnh29e7bfyem85","SV Werder Bremen","departed","first_team","Confirmed in 2026/27 squad (Right-Back, TM 977464)"
"2026-09-30T13:32:47.492Z","cmuihqfqk00cnh29e7bfyem85","SV Werder Bremen","cmuihw3en0bd1sexpc4u79wpg","Skelly Alvero","ATTACH","","Unassigned","cmuihqfqk00cnh29e7bfyem85","SV Werder Bremen","departed","first_team","Confirmed in 2026/27 squad (Defensive Midfield, TM 855134)"
"2026-09-30T13:32:47.492Z","cmuihqfqk00cnh29e7bfyem85","SV Werder Bremen","cmuihw3f40bq1sexp2hno10im","Chuki","ATTACH","","Unassigned","cmuihqfqk00cnh29e7bfyem85","SV Werder Bremen","departed","first_team","Confirmed in 2026/27 squad (Attacking Midfield, TM 926763)"
"2026-09-30T13:32:47.492Z","cmuihqfqk00cnh29e7bfyem85","SV Werder Bremen","cmuihw24g0a3gsexpt52273sh","Eren Dinkçi","ATTACH","","Unassigned","cmuihqfqk00cnh29e7bfyem85","SV Werder Bremen","departed","first_team","Confirmed in 2026/27 squad (Right Winger, TM 645774)"
"2026-09-30T13:32:47.492Z","cmuihqfqk00cnh29e7bfyem85","SV Werder Bremen","cmuihvvsu02qzsexp5ft4uluj","Niclas Füllkrug","ATTACH","","Unassigned","cmuihqfqk00cnh29e7bfyem85","SV Werder Bremen","departed","first_team","Confirmed in 2026/27 squad (Centre-Forward, TM 75489)"
"2026-09-30T13:32:47.492Z","cmuihqfqk00cnh29e7bfyem85","SV Werder Bremen","cmuihw4re0cwysexpza3j7qxq","Kenny Quetant","ATTACH","","Unassigned","cmuihqfqk00cnh29e7bfyem85","SV Werder Bremen","departed","first_team","Confirmed in 2026/27 squad (Centre-Forward, TM 1178695)"
"2026-09-30T13:32:47.492Z","cmuihqfqk00cnh29e7bfyem85","SV Werder Bremen","cmuihw43w0ccpsexpxptq2b4p","Salim Musah","ATTACH","","Unassigned","cmuihqfqk00cnh29e7bfyem85","SV Werder Bremen","departed","first_team","Confirmed in 2026/27 squad (Centre-Forward, TM 1042472)"
"2026-09-30T13:32:47.492Z","cmuihqfqk00cnh29e7bfyem85","SV Werder Bremen","cmuihvy6g05iusexpygo8njq5","Cedric Itten","ATTACH","","Unassigned","cmuihqfqk00cnh29e7bfyem85","SV Werder Bremen","departed","first_team","Confirmed in 2026/27 squad (Centre-Forward, TM 243856)"
"2026-09-30T13:32:47.492Z","cmuihqfqk00cnh29e7bfyem85","SV Werder Bremen","cmuihw1d909basexpn0xndq40","Youri Regeer","REASSIGN","cmuihqce400ath29e227zx42b","Ajax Amsterdam","cmuihqfqk00cnh29e7bfyem85","SV Werder Bremen","first_team","first_team","Transferred from Ajax Amsterdam to SV Werder Bremen (TM 559324)"
"2026-09-30T13:32:47.492Z","cmuihqfqk00cnh29e7bfyem85","SV Werder Bremen","cmuo5arjf0035itgyvnq1b55t","Alexander Schlager","CREATE","","None (New Player)","cmuihqfqk00cnh29e7bfyem85","SV Werder Bremen","","first_team","Created from official 2026/27 squad (Goalkeeper, TM 186374)"
"2026-09-30T13:32:47.492Z","cmuihqfqk00cnh29e7bfyem85","SV Werder Bremen","cmuo5ars20037itgyjmqseest","Oskar Wójcik","CREATE","","None (New Player)","cmuihqfqk00cnh29e7bfyem85","SV Werder Bremen","","first_team","Created from official 2026/27 squad (Centre-Back, TM 821350)"
"2026-09-30T13:32:47.492Z","cmuihqfqk00cnh29e7bfyem85","SV Werder Bremen","cmuo5as0x0039itgywztcb3zr","Moussa Ndiaye","CREATE","","None (New Player)","cmuihqfqk00cnh29e7bfyem85","SV Werder Bremen","","first_team","Created from official 2026/27 squad (Left-Back, TM 649022)"
"2026-09-30T13:32:47.492Z","cmuihqfqk00cnh29e7bfyem85","SV Werder Bremen","cmuo5as7k003bitgyip8tovr3","Dariusz Stalmach","CREATE","","None (New Player)","cmuihqfqk00cnh29e7bfyem85","SV Werder Bremen","","first_team","Created from official 2026/27 squad (Defensive Midfield, TM 826795)"
"2026-09-30T13:32:47.492Z","cmuihqfqk00cnh29e7bfyem85","SV Werder Bremen","cmuo5ascf003ditgykzki7obd","Ludovit Reis","CREATE","","None (New Player)","cmuihqfqk00cnh29e7bfyem85","SV Werder Bremen","","first_team","Created from official 2026/27 squad (Central Midfield, TM 490884)"
"2026-09-30T13:32:47.492Z","cmuihqfqk00cnh29e7bfyem85","SV Werder Bremen","cmuo5ashd003fitgys6qk86gx","Darwin Soylu","CREATE","","None (New Player)","cmuihqfqk00cnh29e7bfyem85","SV Werder Bremen","","first_team","Created from official 2026/27 squad (Attacking Midfield, TM 1071244)"
"2026-09-30T13:32:47.492Z","cmuihqfqk00cnh29e7bfyem85","SV Werder Bremen","cmuo5asot003hitgyi7rf7s4a","Paul Erevbenagie","CREATE","","None (New Player)","cmuihqfqk00cnh29e7bfyem85","SV Werder Bremen","","first_team","Created from official 2026/27 squad (Right Winger, TM 1080555)"
"2026-09-30T13:32:52.503Z","cmuihqfy300cth29ewu9xjg4l","1.FC Union Berlin","cmuihw2q10awasexpiq8not1r","David Preu","DETACH","cmuihqfy300cth29ewu9xjg4l","1.FC Union Berlin","","Unassigned (Detached)","first_team","departed","Absent from official 2026/27 Transfermarkt squad"
"2026-09-30T13:32:52.503Z","cmuihqfy300cth29ewu9xjg4l","1.FC Union Berlin","cmuihvzvz07jvsexpjqmjj5wx","Matheo Raab","ATTACH","","Unassigned","cmuihqfy300cth29ewu9xjg4l","1.FC Union Berlin","departed","first_team","Confirmed in 2026/27 squad (Goalkeeper, TM 386685)"
"2026-09-30T13:32:52.503Z","cmuihqfy300cth29ewu9xjg4l","1.FC Union Berlin","cmuihvzvq07dmsexpsesb7qan","Stanley Nsoki","ATTACH","","Unassigned","cmuihqfy300cth29ewu9xjg4l","1.FC Union Berlin","departed","first_team","Confirmed in 2026/27 squad (Centre-Back, TM 371141)"
"2026-09-30T13:32:52.503Z","cmuihqfy300cth29ewu9xjg4l","1.FC Union Berlin","cmuihvzw207mgsexpxur38cwo","Derrick Köhn","ATTACH","","Unassigned","cmuihqfy300cth29ewu9xjg4l","1.FC Union Berlin","departed","first_team","Confirmed in 2026/27 squad (Left-Back, TM 391780)"
"2026-09-30T13:32:52.503Z","cmuihqfy300cth29ewu9xjg4l","1.FC Union Berlin","cmuihw43u0cb9sexpvsvhwh5h","Andrik Markgraf","ATTACH","","Unassigned","cmuihqfy300cth29ewu9xjg4l","1.FC Union Berlin","departed","first_team","Confirmed in 2026/27 squad (Left-Back, TM 1027870)"
"2026-09-30T13:32:52.503Z","cmuihqfy300cth29ewu9xjg4l","1.FC Union Berlin","cmuihvy6905ctsexpl6nwl684","Michel Aebischer","ATTACH","","Unassigned","cmuihqfy300cth29ewu9xjg4l","1.FC Union Berlin","departed","first_team","Confirmed in 2026/27 squad (Central Midfield, TM 237658)"
"2026-09-30T13:32:52.503Z","cmuihqfy300cth29ewu9xjg4l","1.FC Union Berlin","cmuihvyr506ctsexpcvqzqacx","Woo-yeong Jeong","ATTACH","","Unassigned","cmuihqfy300cth29ewu9xjg4l","1.FC Union Berlin","departed","first_team","Confirmed in 2026/27 squad (Attacking Midfield, TM 297583)"
"2026-09-30T13:32:52.503Z","cmuihqfy300cth29ewu9xjg4l","1.FC Union Berlin","cmuihw1bi08x6sexpyyl1br6c","Livan Burcu","ATTACH","","Unassigned","cmuihqfy300cth29ewu9xjg4l","1.FC Union Berlin","departed","first_team","Confirmed in 2026/27 squad (Left Winger, TM 519872)"
"2026-09-30T13:32:52.503Z","cmuihqfy300cth29ewu9xjg4l","1.FC Union Berlin","cmuihw4si0d6msexpvwco1272","Linus Güther","ATTACH","","Unassigned","cmuihqfy300cth29ewu9xjg4l","1.FC Union Berlin","departed","first_team","Confirmed in 2026/27 squad (Left Winger, TM 1378338)"
"2026-09-30T13:32:52.503Z","cmuihqfy300cth29ewu9xjg4l","1.FC Union Berlin","cmuihw1ej09jvsexpt8u8b3bm","Andrej Ilic","ATTACH","","Unassigned","cmuihqfy300cth29ewu9xjg4l","1.FC Union Berlin","departed","first_team","Confirmed in 2026/27 squad (Centre-Forward, TM 583699)"
"2026-09-30T13:32:52.503Z","cmuihqfy300cth29ewu9xjg4l","1.FC Union Berlin","cmuihvzb506y2sexp3i6pgptb","Oliver Burke","ATTACH","","Unassigned","cmuihqfy300cth29ewu9xjg4l","1.FC Union Berlin","departed","first_team","Confirmed in 2026/27 squad (Centre-Forward, TM 341317)"
"2026-09-30T13:32:52.503Z","cmuihqfy300cth29ewu9xjg4l","1.FC Union Berlin","cmuihw3ej0bapsexpxtqeh7gk","Marin Ljubicic","ATTACH","","Unassigned","cmuihqfy300cth29ewu9xjg4l","1.FC Union Berlin","departed","first_team","Confirmed in 2026/27 squad (Centre-Forward, TM 838236)"
"2026-09-30T13:32:52.503Z","cmuihqfy300cth29ewu9xjg4l","1.FC Union Berlin","cmuihvxg604pvsexp50l4hiwb","Marvin Friedrich","REASSIGN","cmuihq5qq0075h29elabq5hjd","FC Schalke 04","cmuihqfy300cth29ewu9xjg4l","1.FC Union Berlin","first_team","first_team","Transferred from FC Schalke 04 to 1.FC Union Berlin (TM 196231)"
"2026-09-30T13:32:52.503Z","cmuihqfy300cth29ewu9xjg4l","1.FC Union Berlin","cmuo5av2u003kitgygla94xgy","Zeno Van Den Bosch","CREATE","","None (New Player)","cmuihqfy300cth29ewu9xjg4l","1.FC Union Berlin","","first_team","Created from official 2026/27 squad (Centre-Back, TM 738774)"
"2026-09-30T13:32:52.503Z","cmuihqfy300cth29ewu9xjg4l","1.FC Union Berlin","cmuo5av7v003mitgy41iacgsc","Felix Uduokhai","CREATE","","None (New Player)","cmuihqfy300cth29ewu9xjg4l","1.FC Union Berlin","","first_team","Created from official 2026/27 squad (Centre-Back, TM 278343)"
"2026-09-30T13:32:52.503Z","cmuihqfy300cth29ewu9xjg4l","1.FC Union Berlin","cmuo5avfw003oitgya0ixf3wq","Kastriot Imeri","CREATE","","None (New Player)","cmuihqfy300cth29ewu9xjg4l","1.FC Union Berlin","","first_team","Created from official 2026/27 squad (Unknown, TM 469957)"
"2026-09-30T13:32:52.503Z","cmuihqfy300cth29ewu9xjg4l","1.FC Union Berlin","cmuo5avkv003qitgy2yzmvfqs","Julien Friedrich","CREATE","","None (New Player)","cmuihqfy300cth29ewu9xjg4l","1.FC Union Berlin","","first_team","Created from official 2026/27 squad (Left Winger, TM 1033581)"
"2026-09-30T13:32:52.503Z","cmuihqfy300cth29ewu9xjg4l","1.FC Union Berlin","cmuo5avpc003sitgyyjo51jsr","Emmanuel Latte Lath","CREATE","","None (New Player)","cmuihqfy300cth29ewu9xjg4l","1.FC Union Berlin","","first_team","Created from official 2026/27 squad (Centre-Forward, TM 392964)"
"2026-09-30T13:32:52.503Z","cmuihqfy300cth29ewu9xjg4l","1.FC Union Berlin","cmuo5avwc003uitgygifzcgpr","Mekhi Gray","CREATE","","None (New Player)","cmuihqfy300cth29ewu9xjg4l","1.FC Union Berlin","","first_team","Created from official 2026/27 squad (Centre-Forward, TM 1162925)"
"2026-09-30T13:32:58.058Z","cmuihq5qq0075h29elabq5hjd","FC Schalke 04","cmuihvwrt03vssexpca6t71oi","Matija Nastasić","DETACH","cmuihq5qq0075h29elabq5hjd","FC Schalke 04","","Unassigned (Detached)","first_team","departed","Absent from official 2026/27 Transfermarkt squad"
"2026-09-30T13:32:58.058Z","cmuihq5qq0075h29elabq5hjd","FC Schalke 04","cmuihvyrb06j1sexpsrkbe10p","Aymen Barkok","DETACH","cmuihq5qq0075h29elabq5hjd","FC Schalke 04","","Unassigned (Detached)","first_team","departed","Absent from official 2026/27 Transfermarkt squad"
"2026-09-30T13:32:58.058Z","cmuihq5qq0075h29elabq5hjd","FC Schalke 04","cmuihvyr506ccsexpkx5vdlub","Markus Schubert","DETACH","cmuihq5qq0075h29elabq5hjd","FC Schalke 04","","Unassigned (Detached)","first_team","departed","Absent from official 2026/27 Transfermarkt squad"
"2026-09-30T13:32:58.058Z","cmuihq5qq0075h29elabq5hjd","FC Schalke 04","cmuihvvyf03dgsexp9n2cefct","Mark Uth","DETACH","cmuihq5qq0075h29elabq5hjd","FC Schalke 04","","Unassigned (Detached)","first_team","departed","Absent from official 2026/27 Transfermarkt squad"
"2026-09-30T13:32:58.058Z","cmuihq5qq0075h29elabq5hjd","FC Schalke 04","cmuihvvv902v8sexpm3ni8zb7","Joel Matip","DETACH","cmuihq5qq0075h29elabq5hjd","FC Schalke 04","","Unassigned (Detached)","first_team","departed","Absent from official 2026/27 Transfermarkt squad"
"2026-09-30T13:32:58.058Z","cmuihq5qq0075h29elabq5hjd","FC Schalke 04","cmuihvvvt0310sexpm8spepn5","Jeffrey Bruma","DETACH","cmuihq5qq0075h29elabq5hjd","FC Schalke 04","","Unassigned (Detached)","first_team","departed","Absent from official 2026/27 Transfermarkt squad"
"2026-09-30T13:32:58.058Z","cmuihq5qq0075h29elabq5hjd","FC Schalke 04","cmuihvvyj03fesexprg64w5hy","Philipp Hofmann","DETACH","cmuihq5qq0075h29elabq5hjd","FC Schalke 04","","Unassigned (Detached)","first_team","departed","Absent from official 2026/27 Transfermarkt squad"
"2026-09-30T13:32:58.058Z","cmuihq5qq0075h29elabq5hjd","FC Schalke 04","cmuihvxfr04fqsexpb47x9esm","Gonçalo Paciência","DETACH","cmuihq5qq0075h29elabq5hjd","FC Schalke 04","","Unassigned (Detached)","first_team","departed","Absent from official 2026/27 Transfermarkt squad"
"2026-09-30T13:32:58.058Z","cmuihq5qq0075h29elabq5hjd","FC Schalke 04","cmuihvxgh04xssexpc8d0usx2","Marko Pjaca","DETACH","cmuihq5qq0075h29elabq5hjd","FC Schalke 04","","Unassigned (Detached)","first_team","departed","Absent from official 2026/27 Transfermarkt squad"
"2026-09-30T13:32:58.058Z","cmuihq5qq0075h29elabq5hjd","FC Schalke 04","cmuihw0ji08e4sexpik4v03hm","Moritz Jenz","DETACH","cmuihq5qq0075h29elabq5hjd","FC Schalke 04","","Unassigned (Detached)","first_team","departed","Absent from official 2026/27 Transfermarkt squad"
"2026-09-30T13:32:58.058Z","cmuihq5qq0075h29elabq5hjd","FC Schalke 04","cmuihvyqf05tbsexpicwix01b","Maximilian Wöber","ATTACH","","Unassigned","cmuihq5qq0075h29elabq5hjd","FC Schalke 04","departed","first_team","Confirmed in 2026/27 squad (Centre-Back, TM 263361)"
"2026-09-30T13:32:58.058Z","cmuihq5qq0075h29elabq5hjd","FC Schalke 04","cmuihvyqm05xssexplf9lfefl","Robin Gosens","ATTACH","","Unassigned","cmuihq5qq0075h29elabq5hjd","FC Schalke 04","departed","first_team","Confirmed in 2026/27 squad (Left-Back, TM 273132)"
"2026-09-30T13:32:58.058Z","cmuihq5qq0075h29elabq5hjd","FC Schalke 04","cmuihw1by092wsexptjrjowwk","Junior Dina Ebimbe","ATTACH","","Unassigned","cmuihq5qq0075h29elabq5hjd","FC Schalke 04","departed","first_team","Confirmed in 2026/27 squad (Unknown, TM 536482)"
"2026-09-30T13:32:59.810Z","cmundu7yx0005zjoeub3xwq73","SV 07 Elversberg","cmuihw1bj08xzsexpp219xjti","Lasse Günther","ATTACH","","Unassigned","cmundu7yx0005zjoeub3xwq73","SV 07 Elversberg","departed","first_team","Confirmed in 2026/27 squad (Left-Back, TM 522245)"
"2026-09-30T13:32:59.810Z","cmundu7yx0005zjoeub3xwq73","SV 07 Elversberg","cmuihw1bv0919sexppvou4jf9","Lukasz Poreba","ATTACH","","Unassigned","cmundu7yx0005zjoeub3xwq73","SV 07 Elversberg","departed","first_team","Confirmed in 2026/27 squad (Defensive Midfield, TM 532169)"
"2026-09-30T13:32:59.810Z","cmundu7yx0005zjoeub3xwq73","SV 07 Elversberg","cmuihvxgi04yhsexp0qwv6l6u","Amara Condé","ATTACH","","Unassigned","cmundu7yx0005zjoeub3xwq73","SV 07 Elversberg","departed","first_team","Confirmed in 2026/27 squad (Defensive Midfield, TM 207580)"
"2026-09-30T13:32:59.810Z","cmundu7yx0005zjoeub3xwq73","SV 07 Elversberg","cmuihw3f70brisexpo2dvgcg2","Francis Onyeka","ATTACH","","Unassigned","cmundu7yx0005zjoeub3xwq73","SV 07 Elversberg","departed","first_team","Confirmed in 2026/27 squad (Attacking Midfield, TM 929943)"
"2026-09-30T13:32:59.810Z","cmundu7yx0005zjoeub3xwq73","SV 07 Elversberg","cmuihw3ew0bkasexpnp70feoy","Noah Darvich","ATTACH","","Unassigned","cmundu7yx0005zjoeub3xwq73","SV 07 Elversberg","departed","first_team","Confirmed in 2026/27 squad (Attacking Midfield, TM 897480)"
"2026-09-30T13:32:59.810Z","cmundu7yx0005zjoeub3xwq73","SV 07 Elversberg","cmuihw3eh0b99sexpzfdvjjxp","Maurice Krattenmacher","ATTACH","","Unassigned","cmundu7yx0005zjoeub3xwq73","SV 07 Elversberg","departed","first_team","Confirmed in 2026/27 squad (Left Winger, TM 829316)"
"2026-09-30T13:32:59.810Z","cmundu7yx0005zjoeub3xwq73","SV 07 Elversberg","cmuihw3er0bfcsexp43hdueal","Cole Campbell","ATTACH","","Unassigned","cmundu7yx0005zjoeub3xwq73","SV 07 Elversberg","departed","first_team","Confirmed in 2026/27 squad (Right Winger, TM 866579)"
"2026-09-30T13:32:59.810Z","cmundu7yx0005zjoeub3xwq73","SV 07 Elversberg","cmuihw24t0addsexptlmen3mk","Noel Futkeu","ATTACH","","Unassigned","cmundu7yx0005zjoeub3xwq73","SV 07 Elversberg","departed","first_team","Confirmed in 2026/27 squad (Centre-Forward, TM 675535)"
"2026-09-30T13:32:59.810Z","cmundu7yx0005zjoeub3xwq73","SV 07 Elversberg","cmuihw43h0c23sexpecc6lkbv","David Mokwa","ATTACH","","Unassigned","cmundu7yx0005zjoeub3xwq73","SV 07 Elversberg","departed","first_team","Confirmed in 2026/27 squad (Centre-Forward, TM 974894)"
"2026-09-30T13:32:59.810Z","cmundu7yx0005zjoeub3xwq73","SV 07 Elversberg","cmuihvy64059ysexp5593ylv9","Luca Pfeiffer","ATTACH","","Unassigned","cmundu7yx0005zjoeub3xwq73","SV 07 Elversberg","departed","first_team","Confirmed in 2026/27 squad (Centre-Forward, TM 232463)"
"2026-09-30T13:32:59.810Z","cmundu7yx0005zjoeub3xwq73","SV 07 Elversberg","cmuo5b0c1003yitgysm5bpthi","Nicolas Kristof","CREATE","","None (New Player)","cmundu7yx0005zjoeub3xwq73","SV 07 Elversberg","","first_team","Created from official 2026/27 squad (Goalkeeper, TM 349465)"
"2026-09-30T13:32:59.810Z","cmundu7yx0005zjoeub3xwq73","SV 07 Elversberg","cmuo5b0l70040itgyokzmcw5k","Tim Boss","CREATE","","None (New Player)","cmundu7yx0005zjoeub3xwq73","SV 07 Elversberg","","first_team","Created from official 2026/27 squad (Goalkeeper, TM 85534)"
"2026-09-30T13:32:59.810Z","cmundu7yx0005zjoeub3xwq73","SV 07 Elversberg","cmuo5b0px0042itgyr0vt15dx","Frank Lehmann","CREATE","","None (New Player)","cmundu7yx0005zjoeub3xwq73","SV 07 Elversberg","","first_team","Created from official 2026/27 squad (Goalkeeper, TM 44536)"
"2026-09-30T13:32:59.810Z","cmundu7yx0005zjoeub3xwq73","SV 07 Elversberg","cmuo5b0un0044itgyq7iqu40r","Elias Etringer","CREATE","","None (New Player)","cmundu7yx0005zjoeub3xwq73","SV 07 Elversberg","","first_team","Created from official 2026/27 squad (Goalkeeper, TM 1159486)"
"2026-09-30T13:32:59.810Z","cmundu7yx0005zjoeub3xwq73","SV 07 Elversberg","cmuo5b13w0046itgyau04c82d","Lukas Pinckert","CREATE","","None (New Player)","cmundu7yx0005zjoeub3xwq73","SV 07 Elversberg","","first_team","Created from official 2026/27 squad (Centre-Back, TM 448259)"
"2026-09-30T13:32:59.810Z","cmundu7yx0005zjoeub3xwq73","SV 07 Elversberg","cmuo5b1d80048itgyr156vz6c","Luca Sirch","CREATE","","None (New Player)","cmundu7yx0005zjoeub3xwq73","SV 07 Elversberg","","first_team","Created from official 2026/27 squad (Centre-Back, TM 521928)"
"2026-09-30T13:32:59.810Z","cmundu7yx0005zjoeub3xwq73","SV 07 Elversberg","cmuo5b1i4004aitgya7kghpq5","Maximilian Rohr","CREATE","","None (New Player)","cmundu7yx0005zjoeub3xwq73","SV 07 Elversberg","","first_team","Created from official 2026/27 squad (Centre-Back, TM 440386)"
"2026-09-30T13:32:59.810Z","cmundu7yx0005zjoeub3xwq73","SV 07 Elversberg","cmuo5b1ol004citgycvlkif8a","Florian Le Joncour","CREATE","","None (New Player)","cmundu7yx0005zjoeub3xwq73","SV 07 Elversberg","","first_team","Created from official 2026/27 squad (Centre-Back, TM 352332)"
"2026-09-30T13:32:59.810Z","cmundu7yx0005zjoeub3xwq73","SV 07 Elversberg","cmuo5b1xj004eitgyl47lt61p","Luis Seifert","CREATE","","None (New Player)","cmundu7yx0005zjoeub3xwq73","SV 07 Elversberg","","first_team","Created from official 2026/27 squad (Centre-Back, TM 806007)"
"2026-09-30T13:32:59.810Z","cmundu7yx0005zjoeub3xwq73","SV 07 Elversberg","cmuo5b26d004gitgymi8du0bn","Nicholas Mickelson","CREATE","","None (New Player)","cmundu7yx0005zjoeub3xwq73","SV 07 Elversberg","","first_team","Created from official 2026/27 squad (Left-Back, TM 430034)"
"2026-09-30T13:32:59.810Z","cmundu7yx0005zjoeub3xwq73","SV 07 Elversberg","cmuo5b2fg004iitgywxg553u1","Jan Gyamerah","CREATE","","None (New Player)","cmundu7yx0005zjoeub3xwq73","SV 07 Elversberg","","first_team","Created from official 2026/27 squad (Right-Back, TM 192840)"
"2026-09-30T13:32:59.810Z","cmundu7yx0005zjoeub3xwq73","SV 07 Elversberg","cmuo5b2k5004kitgyjzt4yc5r","Felix Keidel","CREATE","","None (New Player)","cmundu7yx0005zjoeub3xwq73","SV 07 Elversberg","","first_team","Created from official 2026/27 squad (Defensive Midfield, TM 815322)"
"2026-09-30T13:32:59.810Z","cmundu7yx0005zjoeub3xwq73","SV 07 Elversberg","cmuo5b2ov004mitgy0imope51","Frederik Schmahl","CREATE","","None (New Player)","cmundu7yx0005zjoeub3xwq73","SV 07 Elversberg","","first_team","Created from official 2026/27 squad (Central Midfield, TM 604756)"
"2026-09-30T13:32:59.810Z","cmundu7yx0005zjoeub3xwq73","SV 07 Elversberg","cmuo5b2x2004oitgyhmw651sp","Tom Zimmerschied","CREATE","","None (New Player)","cmundu7yx0005zjoeub3xwq73","SV 07 Elversberg","","first_team","Created from official 2026/27 squad (Left Winger, TM 337097)"
"2026-09-30T13:32:59.810Z","cmundu7yx0005zjoeub3xwq73","SV 07 Elversberg","cmuo5b31u004qitgysm9a4hsr","Lukas Petkov","CREATE","","None (New Player)","cmundu7yx0005zjoeub3xwq73","SV 07 Elversberg","","first_team","Created from official 2026/27 squad (Right Winger, TM 401639)"
"2026-09-30T13:32:59.810Z","cmundu7yx0005zjoeub3xwq73","SV 07 Elversberg","cmuo5b3c4004sitgy7f8ssje4","Raif Adam","CREATE","","None (New Player)","cmundu7yx0005zjoeub3xwq73","SV 07 Elversberg","","first_team","Created from official 2026/27 squad (Right Winger, TM 910538)"
"2026-09-30T13:32:59.810Z","cmundu7yx0005zjoeub3xwq73","SV 07 Elversberg","cmuo5b3gy004uitgyemxbs522","Luca Schnellbacher","CREATE","","None (New Player)","cmundu7yx0005zjoeub3xwq73","SV 07 Elversberg","","first_team","Created from official 2026/27 squad (Centre-Forward, TM 229991)"
"2026-09-30T13:33:05.907Z","cmuihor87002jb23f3u8w2hsf","SC Paderborn 07","cmuihw23y09oxsexp5od9z194","Nahuel Noll","ATTACH","","Unassigned","cmuihor87002jb23f3u8w2hsf","SC Paderborn 07","departed","first_team","Confirmed in 2026/27 squad (Goalkeeper, TM 600942)"
"2026-09-30T13:33:05.907Z","cmuihor87002jb23f3u8w2hsf","SC Paderborn 07","cmuihvyr506ccsexpkx5vdlub","Markus Schubert","ATTACH","","Unassigned","cmuihor87002jb23f3u8w2hsf","SC Paderborn 07","departed","first_team","Confirmed in 2026/27 squad (Goalkeeper, TM 296741)"
"2026-09-30T13:33:05.907Z","cmuihor87002jb23f3u8w2hsf","SC Paderborn 07","cmuihvzaq06p8sexpgkgiqz4s","Felix Götze","ATTACH","","Unassigned","cmuihor87002jb23f3u8w2hsf","SC Paderborn 07","departed","first_team","Confirmed in 2026/27 squad (Centre-Back, TM 330635)"
"2026-09-30T13:33:05.907Z","cmuihor87002jb23f3u8w2hsf","SC Paderborn 07","cmuihw2pt0ap4sexplsqkq9sr","Laurin Ulrich","ATTACH","","Unassigned","cmuihor87002jb23f3u8w2hsf","SC Paderborn 07","departed","first_team","Confirmed in 2026/27 squad (Central Midfield, TM 717465)"
"2026-09-30T13:33:05.907Z","cmuihor87002jb23f3u8w2hsf","SC Paderborn 07","cmuihw2pf0af0sexpk4rso3nd","Luka Duric","ATTACH","","Unassigned","cmuihor87002jb23f3u8w2hsf","SC Paderborn 07","departed","first_team","Confirmed in 2026/27 squad (Central Midfield, TM 685484)"
"2026-09-30T13:33:05.907Z","cmuihor87002jb23f3u8w2hsf","SC Paderborn 07","cmuihvzaq06pasexpffxfzjmx","Raphael Obermair","ATTACH","","Unassigned","cmuihor87002jb23f3u8w2hsf","SC Paderborn 07","departed","first_team","Confirmed in 2026/27 squad (Unknown, TM 330699)"
"2026-09-30T13:33:05.907Z","cmuihor87002jb23f3u8w2hsf","SC Paderborn 07","cmuihw44d0cpasexppbq1mkbt","Deniz Zeitler","ATTACH","","Unassigned","cmuihor87002jb23f3u8w2hsf","SC Paderborn 07","departed","first_team","Confirmed in 2026/27 squad (Left Winger, TM 1108022)"
"2026-09-30T13:33:05.907Z","cmuihor87002jb23f3u8w2hsf","SC Paderborn 07","cmuihvzwi07vfsexptzja3rmq","Oliver Batista Meier","ATTACH","","Unassigned","cmuihor87002jb23f3u8w2hsf","SC Paderborn 07","departed","first_team","Confirmed in 2026/27 squad (Left Winger, TM 406614)"
"2026-09-30T13:33:05.907Z","cmuihor87002jb23f3u8w2hsf","SC Paderborn 07","cmuihw2ph0agtsexp107eo7pv","Rayan Philippe","ATTACH","","Unassigned","cmuihor87002jb23f3u8w2hsf","SC Paderborn 07","departed","first_team","Confirmed in 2026/27 squad (Right Winger, TM 694507)"
"2026-09-30T13:33:05.907Z","cmuihor87002jb23f3u8w2hsf","SC Paderborn 07","cmuihvxfy04jqsexptq3c5v6l","Sven Michel","ATTACH","","Unassigned","cmuihor87002jb23f3u8w2hsf","SC Paderborn 07","departed","first_team","Confirmed in 2026/27 squad (Right Winger, TM 186988)"
"2026-09-30T13:33:05.907Z","cmuihor87002jb23f3u8w2hsf","SC Paderborn 07","cmuihvyr506cfsexpslvrkv3h","Steffen Tigges","ATTACH","","Unassigned","cmuihor87002jb23f3u8w2hsf","SC Paderborn 07","departed","first_team","Confirmed in 2026/27 squad (Centre-Forward, TM 296879)"
"2026-09-30T13:33:05.907Z","cmuihor87002jb23f3u8w2hsf","SC Paderborn 07","cmuihw0jt08iysexpkbxzz370","Marvin Pieringer","REASSIGN","cmuihq1er004rh29eo92kw3sx","1. Fußballclub Heidenheim 1846","cmuihor87002jb23f3u8w2hsf","SC Paderborn 07","first_team","first_team","Transferred from 1. Fußballclub Heidenheim 1846 to SC Paderborn 07 (TM 471055)"
"2026-09-30T13:33:05.907Z","cmuihor87002jb23f3u8w2hsf","SC Paderborn 07","cmuo5b5d0004xitgy6ii7mw5r","Florian Pruhs","CREATE","","None (New Player)","cmuihor87002jb23f3u8w2hsf","SC Paderborn 07","","first_team","Created from official 2026/27 squad (Goalkeeper, TM 930013)"
"2026-09-30T13:33:05.907Z","cmuihor87002jb23f3u8w2hsf","SC Paderborn 07","cmuo5b5hv004zitgyfk4bz9q7","Mattes Hansen","CREATE","","None (New Player)","cmuihor87002jb23f3u8w2hsf","SC Paderborn 07","","first_team","Created from official 2026/27 squad (Centre-Back, TM 694132)"
"2026-09-30T13:33:05.907Z","cmuihor87002jb23f3u8w2hsf","SC Paderborn 07","cmuo5b5me0051itgy7xrkb9gx","Tjark Scheller","CREATE","","None (New Player)","cmuihor87002jb23f3u8w2hsf","SC Paderborn 07","","first_team","Created from official 2026/27 squad (Centre-Back, TM 509650)"
"2026-09-30T13:33:05.907Z","cmuihor87002jb23f3u8w2hsf","SC Paderborn 07","cmuo5b5r30053itgy6kq6980v","Jano ter Horst","CREATE","","None (New Player)","cmuihor87002jb23f3u8w2hsf","SC Paderborn 07","","first_team","Created from official 2026/27 squad (Centre-Back, TM 606113)"
"2026-09-30T13:33:05.907Z","cmuihor87002jb23f3u8w2hsf","SC Paderborn 07","cmuo5b5vu0055itgyfz0u7kr1","Marcel Hoffmeier","CREATE","","None (New Player)","cmuihor87002jb23f3u8w2hsf","SC Paderborn 07","","first_team","Created from official 2026/27 squad (Centre-Back, TM 570152)"
"2026-09-30T13:33:05.907Z","cmuihor87002jb23f3u8w2hsf","SC Paderborn 07","cmuo5b60a0057itgy1e9e3fkx","Jonah Sticker","CREATE","","None (New Player)","cmuihor87002jb23f3u8w2hsf","SC Paderborn 07","","first_team","Created from official 2026/27 squad (Centre-Back, TM 698843)"
"2026-09-30T13:33:05.907Z","cmuihor87002jb23f3u8w2hsf","SC Paderborn 07","cmuo5b6520059itgyon5h8upc","Nyamekye Awortwie-Grant","CREATE","","None (New Player)","cmuihor87002jb23f3u8w2hsf","SC Paderborn 07","","first_team","Created from official 2026/27 squad (Centre-Back, TM 521331)"
"2026-09-30T13:33:05.907Z","cmuihor87002jb23f3u8w2hsf","SC Paderborn 07","cmuo5b69i005bitgy8jhhse6k","Tristan Zobel","CREATE","","None (New Player)","cmuihor87002jb23f3u8w2hsf","SC Paderborn 07","","first_team","Created from official 2026/27 squad (Centre-Back, TM 798091)"
"2026-09-30T13:33:05.907Z","cmuihor87002jb23f3u8w2hsf","SC Paderborn 07","cmuo5b6ej005ditgyivcffk4g","Santiago Castañeda","CREATE","","None (New Player)","cmuihor87002jb23f3u8w2hsf","SC Paderborn 07","","first_team","Created from official 2026/27 squad (Defensive Midfield, TM 1005509)"
"2026-09-30T13:33:05.907Z","cmuihor87002jb23f3u8w2hsf","SC Paderborn 07","cmuo5b6jc005fitgyxew0tjw7","Tom Baack","CREATE","","None (New Player)","cmuihor87002jb23f3u8w2hsf","SC Paderborn 07","","first_team","Created from official 2026/27 squad (Defensive Midfield, TM 331637)"
"2026-09-30T13:33:05.907Z","cmuihor87002jb23f3u8w2hsf","SC Paderborn 07","cmuo5b6nz005hitgyfk36f6dz","Sebastian Klaas","CREATE","","None (New Player)","cmuihor87002jb23f3u8w2hsf","SC Paderborn 07","","first_team","Created from official 2026/27 squad (Central Midfield, TM 378424)"
"2026-09-30T13:33:05.907Z","cmuihor87002jb23f3u8w2hsf","SC Paderborn 07","cmuo5b6s5005jitgy1usudw91","Timur Gayret","CREATE","","None (New Player)","cmuihor87002jb23f3u8w2hsf","SC Paderborn 07","","first_team","Created from official 2026/27 squad (Central Midfield, TM 421323)"
"2026-09-30T13:33:05.907Z","cmuihor87002jb23f3u8w2hsf","SC Paderborn 07","cmuo5b6wh005litgytv50kio5","Laurin Curda","CREATE","","None (New Player)","cmuihor87002jb23f3u8w2hsf","SC Paderborn 07","","first_team","Created from official 2026/27 squad (Unknown, TM 516978)"
"2026-09-30T13:33:05.907Z","cmuihor87002jb23f3u8w2hsf","SC Paderborn 07","cmuo5b71c005nitgyivtfmq20","Ruben Müller","CREATE","","None (New Player)","cmuihor87002jb23f3u8w2hsf","SC Paderborn 07","","first_team","Created from official 2026/27 squad (Unknown, TM 907085)"
"2026-09-30T13:33:05.907Z","cmuihor87002jb23f3u8w2hsf","SC Paderborn 07","cmuo5b765005pitgyuyjgcd0l","Clemens Lippmann","CREATE","","None (New Player)","cmuihor87002jb23f3u8w2hsf","SC Paderborn 07","","first_team","Created from official 2026/27 squad (Unknown, TM 1148887)"
"2026-09-30T13:33:05.907Z","cmuihor87002jb23f3u8w2hsf","SC Paderborn 07","cmuo5b7au005ritgyb3rfgwrr","Niklas Mohr","CREATE","","None (New Player)","cmuihor87002jb23f3u8w2hsf","SC Paderborn 07","","first_team","Created from official 2026/27 squad (Unknown, TM 949389)"
"2026-09-30T13:33:05.907Z","cmuihor87002jb23f3u8w2hsf","SC Paderborn 07","cmuo5b7fp005titgys6bmo8qi","Gabriel Vidovic","CREATE","","None (New Player)","cmuihor87002jb23f3u8w2hsf","SC Paderborn 07","","first_team","Created from official 2026/27 squad (Left Winger, TM 604327)"
"2026-09-30T13:33:05.907Z","cmuihor87002jb23f3u8w2hsf","SC Paderborn 07","cmuo5b7ly005vitgyjjesn88h","Albert Millgramm","CREATE","","None (New Player)","cmuihor87002jb23f3u8w2hsf","SC Paderborn 07","","first_team","Created from official 2026/27 squad (Left Winger, TM 814986)"
"2026-09-30T13:33:05.907Z","cmuihor87002jb23f3u8w2hsf","SC Paderborn 07","cmuo5b7uy005xitgyavu7az11","Stefano Marino","CREATE","","None (New Player)","cmuihor87002jb23f3u8w2hsf","SC Paderborn 07","","first_team","Created from official 2026/27 squad (Centre-Forward, TM 829267)"
"2026-09-30T13:33:05.907Z","cmuihor87002jb23f3u8w2hsf","SC Paderborn 07","cmuo5b803005zitgydwgn2952","Lasse Eickel","CREATE","","None (New Player)","cmuihor87002jb23f3u8w2hsf","SC Paderborn 07","","first_team","Created from official 2026/27 squad (Centre-Forward, TM 1299403)"
