playerId,fullName,action,fromClubId,fromClubName,toClubId,toClubName,shirtNumber,position,status,timestamp
"FM_1662399","Alessandro Longoni","create new player","NONE","Unassigned","cmuihqbws00ajh29e1ujz5fht","Paris Saint-Germain","16","Goalkeeper","first_team","2026-09-30T11:03:46.758Z"
"cmuihvwrh03lhsexp8k88o4a2","Lucas Digne","reassign","cmuihq8vi008xh29edz4vg4xw","Aston Villa","cmuihqbws00ajh29e1ujz5fht","Paris Saint-Germain","12","Defender","first_team","2026-09-30T11:03:46.906Z"
"cmuihvzwd07s5sexp8vx1qdul","Ferran Torres","reassign","cmuihoy3o002vb23f8egwo6vd","FC Barcelona","cmuihqbws00ajh29e1ujz5fht","Paris Saint-Germain","9","Attack","first_team","2026-09-30T11:03:47.065Z"
"cmuihw2q10awesexpv53xk4f1","Maghnes Akliouche","reassign","cmuihq0az0047h29ew2gfpbqj","AS Monaco","cmuihqbws00ajh29e1ujz5fht","Paris Saint-Germain","11","Attack","first_team","2026-09-30T11:03:47.214Z"
"cmuihw2q50axzsexpinqc05sf","Mika Godts","reassign","cmuihqce400ath29e227zx42b","Ajax Amsterdam","cmuihqbws00ajh29e1ujz5fht","Paris Saint-Germain","22","Attack","first_team","2026-09-30T11:03:47.350Z"
"cmuihw0j5088ssexptzb6o1qd","Omar Marmoush","reassign","cmuihq3vs0069h29ebm5xqhye","Manchester City","cmuihpzs8003vh29eyrxt8nk5","Tottenham Hotspur","","","first_team","2026-09-30T11:03:47.601Z"
"cmuihw3eu0bimsexpjujsn1l7","Ethan Nwaneri","reassign","cmuiho5do001hb23froc57owj","Arsenal FC","cmuihq09e0045h29ednnt1hkq","Borussia Dortmund","","","first_team","2026-09-30T11:03:47.980Z"
"cmuihvvvm02z9sexprow0bqre","Stefan Ortega","detach","cmuihq3vs0069h29ebm5xqhye","Manchester City","","Unassigned","","","departed","2026-09-30T11:03:48.118Z"
"cmuihvyqt063osexpxnjl0axh","Manuel Akanji","reassign","cmuihq3vs0069h29ebm5xqhye","Manchester City","cmuihqald009th29eqj2x21un","Inter Milan","","","first_team","2026-09-30T11:03:48.240Z"
"cmuihw43e0bzysexpn253umvg","Jaden Heskey","detach","cmuihq3vs0069h29ebm5xqhye","Manchester City","","Unassigned","","","departed","2026-09-30T11:03:48.356Z"
"cmuihvy63058psexp5iw8bj2r","Gerónimo Rulli","reassign","cmuihq2sw005jh29e5ugg799e","Olympique Marseille","cmuihq3vs0069h29ebm5xqhye","Manchester City","28","Goalkeeper","first_team","2026-09-30T11:03:48.482Z"
"FM_1187225","Josh Wilson-Esbrand","create new player","NONE","Unassigned","cmuihq3vs0069h29ebm5xqhye","Manchester City","97","Defender","first_team","2026-09-30T11:03:48.626Z"
"cmuihw44c0co7sexp82u7eq1j","Ayyoub Bouaddi","reassign","cmuihnzfj0017b23f7qeka8w7","LOSC Lille","cmuihq3vs0069h29ebm5xqhye","Manchester City","32","Midfield","first_team","2026-09-30T11:03:48.755Z"
"cmuihw24809wrsexpkfdthel9","Iliman Ndiaye","reassign","cmuihq4bo006fh29ef9sfod5p","Everton FC","cmuihq3vs0069h29ebm5xqhye","Manchester City","7","Attack","first_team","2026-09-30T11:03:48.874Z"
"FM_1721789","Allan","create new player","NONE","Unassigned","cmuihq3vs0069h29ebm5xqhye","Manchester City","37","Attack","first_team","2026-09-30T11:03:48.989Z"
"cmuihw4rh0cyasexpqeyidjcy","Ryan McAidoo","attach","NONE","Unassigned","cmuihq3vs0069h29ebm5xqhye","Manchester City","56","Attack","first_team","2026-09-30T11:03:49.102Z"
"cmuihw43w0cclsexps6jqg39p","Renato Marin","reassign","cmuihqbws00ajh29e1ujz5fht","Paris Saint-Germain","cmuihqgr500d7h29e04mjd6zg","CD Nacional","","","first_team","2026-09-30T11:03:49.229Z"
"cmuihw1d809atsexp00037bvb","Kang-in Lee","reassign","cmuihqbws00ajh29e1ujz5fht","Paris Saint-Germain","cmuihotfm002nb23fe7004xbm","Atlético de Madrid","","","first_team","2026-09-30T11:03:49.340Z"
"cmuihw3ei0b9xsexpphvmn1r4","Dani Rodríguez","detach","cmuihoy3o002vb23f8egwo6vd","FC Barcelona","","Unassigned","","","departed","2026-09-30T11:03:49.471Z"
"cmuihw3f30bpesexpsugmlemu","Álvaro Cortés","detach","cmuihoy3o002vb23f8egwo6vd","FC Barcelona","","Unassigned","","","departed","2026-09-30T11:03:49.606Z"
"cmuihvxgh04xqsexpd0l9txxz","Dominik Livakovic","attach","NONE","Unassigned","cmuihoy3o002vb23f8egwo6vd","FC Barcelona","25","Goalkeeper","first_team","2026-09-30T11:03:49.740Z"
"cmuihw4460cj4sexpja4dbqjy","Eder Aller","attach","NONE","Unassigned","cmuihoy3o002vb23f8egwo6vd","FC Barcelona","31","Goalkeeper","first_team","2026-09-30T11:03:49.859Z"
"FM_361757","João Cancelo","create new player","NONE","Unassigned","cmuihoy3o002vb23f8egwo6vd","FC Barcelona","2","Defender","first_team","2026-09-30T11:03:49.984Z"
"FM_1821727","Brian Fariñas","create new player","NONE","Unassigned","cmuihoy3o002vb23f8egwo6vd","FC Barcelona","4","Midfield","first_team","2026-09-30T11:03:50.114Z"
"cmuihw0k708qksexp8tdco483","Karim Adeyemi","reassign","cmuihq09e0045h29ednnt1hkq","Borussia Dortmund","cmuihoy3o002vb23f8egwo6vd","FC Barcelona","14","Midfield","first_team","2026-09-30T11:03:50.236Z"
"cmuihvzbl07avsexpvwmvzxom","Gabriel Jesus","reassign","cmuiho5do001hb23froc57owj","Arsenal FC","cmuihoy3o002vb23f8egwo6vd","FC Barcelona","9","Attack","first_team","2026-09-30T11:03:50.347Z"
"FM_1656591","Jesse Bisiwu","create new player","NONE","Unassigned","cmuihoy3o002vb23f8egwo6vd","FC Barcelona","27","Attack","first_team","2026-09-30T11:03:50.466Z"
"FM_1708842","Hamza Abdelkarim","create new player","NONE","Unassigned","cmuihoy3o002vb23f8egwo6vd","FC Barcelona","29","Attack","first_team","2026-09-30T11:03:50.581Z"
"cmuihw2pz0aussexputczawdm","Pol Fortuny","detach","cmuihq9wg009hh29ermlar2c7","Real Madrid","","Unassigned","","","departed","2026-09-30T11:03:50.713Z"
"cmuihw43z0cfisexp46vrxl8z","Fran González","reassign","cmuihq9wg009hh29ermlar2c7","Real Madrid","cmuihq7is0085h29ez260bgnc","Sevilla FC","","","first_team","2026-09-30T11:03:50.838Z"
"cmuihw24h0a45sexph08poude","Manuel Ángel","reassign","cmuihq9wg009hh29ermlar2c7","Real Madrid","cmuihqg9600cxh29echnkyx9e","Fulham FC","","","first_team","2026-09-30T11:03:50.965Z"
"cmuihw3es0bgesexp340ax4ts","Álvaro Leiva","detach","cmuihq9wg009hh29ermlar2c7","Real Madrid","","Unassigned","","","departed","2026-09-30T11:03:51.077Z"
"cmuihw3fc0bvrsexptddeqmv8","Manu Serrano","detach","cmuihq9wg009hh29ermlar2c7","Real Madrid","","Unassigned","","","departed","2026-09-30T11:03:51.210Z"
"cmuihw3f90btdsexpjl2v7w3s","David Jiménez","detach","cmuihq9wg009hh29ermlar2c7","Real Madrid","","Unassigned","","","departed","2026-09-30T11:03:51.362Z"
"cmuihw3fe0bxlsexpr6favxlq","Daniel Mesonero","detach","cmuihq9wg009hh29ermlar2c7","Real Madrid","","Unassigned","","","departed","2026-09-30T11:03:51.480Z"
"cmuihw3fe0bxnsexpy31sv3ml","César Palacios","reassign","cmuihq9wg009hh29ermlar2c7","Real Madrid","cmuihqg9600cxh29echnkyx9e","Fulham FC","","","first_team","2026-09-30T11:03:51.605Z"
"cmuihvzbi077nsexpqrljo0za","Ibrahima Konaté","attach","NONE","Unassigned","cmuihq9wg009hh29ermlar2c7","Real Madrid","16","Defender","first_team","2026-09-30T11:03:51.720Z"
"cmuihvyqt063xsexpykxnnplj","Marc Cucurella","reassign","cmuihqcpo00b1h29edf8q9ksb","Chelsea FC","cmuihq9wg009hh29ermlar2c7","Real Madrid","17","Defender","first_team","2026-09-30T11:03:51.838Z"
"cmuihvzan06m0sexpp59ts6kv","Denzel Dumfries","reassign","cmuihqald009th29eqj2x21un","Inter Milan","cmuihq9wg009hh29ermlar2c7","Real Madrid","24","Defender","first_team","2026-09-30T11:03:51.961Z"
"cmuihvy6e05h6sexpky15f0wx","Bernardo Silva","attach","NONE","Unassigned","cmuihq9wg009hh29ermlar2c7","Real Madrid","20","Midfield","first_team","2026-09-30T11:03:52.082Z"
"cmuihw4rg0cy1sexpsbeoumzp","Jorge Cestero","attach","NONE","Unassigned","cmuihq9wg009hh29ermlar2c7","Real Madrid","29","Midfield","first_team","2026-09-30T11:03:52.214Z"
"cmuihw4430chysexpewvi9ldh","Carlos Espí","reassign","cmuihq6me007nh29ezmai1c1u","Levante UD","cmuihq9wg009hh29ermlar2c7","Real Madrid","19","Attack","first_team","2026-09-30T11:03:52.334Z"
"cmuihw4ss0d6wsexpwdfjs85p","Yan Diomande","attach","NONE","Unassigned","cmuihq9wg009hh29ermlar2c7","Real Madrid","25","Attack","first_team","2026-09-30T11:03:52.470Z"
"cmuihw4400cg7sexpzt1g9yr5","Franco Mastantuono","reassign","cmuihq9wg009hh29ermlar2c7","Real Madrid","cmuihqa6q009nh29eeao6masx","ACF Fiorentina","","","first_team","2026-09-30T11:03:52.621Z"
"cmuihw24e0a1isexp2uplek7d","Marc Casadó","reassign","cmuihoy3o002vb23f8egwo6vd","FC Barcelona","cmuihqg6y00cvh29elaxzcvzv","Deportivo de La Coruña","","","first_team","2026-09-30T11:03:52.756Z"
"cmuihw2q00aw6sexplg6cj7ix","Arijon Ibrahimovic","reassign","cmuihq3qa0061h29eyxx4xw43","Bayern Munich","cmuihq0jy004bh29e4vb2kecf","FC Augsburg","","","first_team","2026-09-30T11:03:52.875Z"
"cmuihvwrv03xlsexpjx7yes1e","Christian Nørgaard","reassign","cmuiho5do001hb23froc57owj","Arsenal FC","cmuihq4bo006fh29ef9sfod5p","Everton FC","","","first_team","2026-09-30T11:03:53.002Z"
"cmuihw3f90bt8sexpok5ys900","Gonzalo García","reassign","cmuihq9wg009hh29ermlar2c7","Real Madrid","cmuihqg9600cxh29echnkyx9e","Fulham FC","","","first_team","2026-09-30T11:03:53.123Z"
"cmuihw4460cjgsexp7noviiar","Jonah Kusi-Asare","reassign","cmuihq3qa0061h29eyxx4xw43","Bayern Munich","cmuihqg9600cxh29echnkyx9e","Fulham FC","","","first_team","2026-09-30T11:03:53.250Z"
"cmuihvxfy04jesexp4f90jxrz","John Stones","reassign","cmuihq3vs0069h29ebm5xqhye","Manchester City","cmuihqald009th29eqj2x21un","Inter Milan","","","first_team","2026-09-30T11:03:53.385Z"
"cmuihw1d4098wsexp89s4yr4m","Gonçalo Ramos","reassign","cmuihqbws00ajh29e1ujz5fht","Paris Saint-Germain","cmuihqb6900a7h29eb12tdj1t","AC Milan","","","first_team","2026-09-30T11:03:53.511Z"
"cmuihvwrz03zgsexpuj9kiyen","Leon Goretzka","reassign","cmuihq3qa0061h29eyxx4xw43","Bayern Munich","cmuihq8vi008xh29edz4vg4xw","Aston Villa","","","first_team","2026-09-30T11:03:53.638Z"
"cmuihw4rg0cxwsexp41fcbuke","Ibrahim Mbaye","reassign","cmuihqbws00ajh29e1ujz5fht","Paris Saint-Germain","cmuihq8vi008xh29edz4vg4xw","Aston Villa","","","first_team","2026-09-30T11:03:53.753Z"
"cmuihw2ps0aogsexp9y28iv8f","Bryan Zaragoza","reassign","cmuihq3qa0061h29eyxx4xw43","Bayern Munich","cmuihqdqh00bnh29e1s0pnnhq","RCD Espanyol Barcelona","","","first_team","2026-09-30T11:03:53.902Z"
"cmuihw2q30axosexpvt1rg1t4","Vincent Manuba","detach","cmuihq3qa0061h29eyxx4xw43","Bayern Munich","","Unassigned","","","departed","2026-09-30T11:03:54.030Z"
"cmuihw43r0c8wsexpcszx4fra","Leon Klanac","attach","NONE","Unassigned","cmuihq3qa0061h29eyxx4xw43","Bayern Munich","48","Goalkeeper","first_team","2026-09-30T11:03:54.155Z"
"cmuihw2q00aw7sexpswg6tdpy","Tarek Buchmann","attach","NONE","Unassigned","cmuihq3qa0061h29eyxx4xw43","Bayern Munich","N/A","Defender","academy","2026-09-30T11:03:54.278Z"
"cmuihw2pg0ag3sexp5rq6fir8","Nathaniel Brown","reassign","cmuihq2b80057h29e0r17uj2f","Eintracht Frankfurt","cmuihq3qa0061h29eyxx4xw43","Bayern Munich","11","Defender","first_team","2026-09-30T11:03:54.409Z"
"cmuihw4rs0d2gsexpu7li44m5","Cassiano Kiala","attach","NONE","Unassigned","cmuihq3qa0061h29eyxx4xw43","Bayern Munich","30","Defender","first_team","2026-09-30T11:03:54.547Z"
"cmuihw2pk0ajmsexptp44k1b5","Ismael Saibari","reassign","cmuihq7yg008dh29eacwmi5po","PSV Eindhoven","cmuihq3qa0061h29eyxx4xw43","Bayern Munich","34","Midfield","first_team","2026-09-30T11:03:54.710Z"
"cmuihw4rw0d5csexp9aj0gtv4","Erblin Osmani","attach","NONE","Unassigned","cmuihq3qa0061h29eyxx4xw43","Bayern Munich","38","Midfield","first_team","2026-09-30T11:03:54.851Z"
"cmuihw4st0d7wsexpdqcqf3cq","Bara Sapoko Ndiaye","attach","NONE","Unassigned","cmuihq3qa0061h29eyxx4xw43","Bayern Munich","39","Midfield","first_team","2026-09-30T11:03:54.969Z"
"cmuihw4qy0cqgsexp0m9y3k0d","David Santos Daiber","attach","NONE","Unassigned","cmuihq3qa0061h29eyxx4xw43","Bayern Munich","47","Midfield","first_team","2026-09-30T11:03:55.104Z"
"cmuihw4si0d6nsexps2ky63f4","Bastian Assomo","attach","NONE","Unassigned","cmuihq3qa0061h29eyxx4xw43","Bayern Munich","48","Attack","first_team","2026-09-30T11:03:55.226Z"
"cmuihw1de09drsexp8ars2p0y","James Trafford","reassign","cmuihq3vs0069h29ebm5xqhye","Manchester City","cmuihq8hv008ph29ejwdrv7xd","Leeds United","","","first_team","2026-09-30T11:03:55.355Z"
"cmuihw0k008lqsexpq4opbdwx","Ronald Araujo","reassign","cmuihoy3o002vb23f8egwo6vd","FC Barcelona","cmuihq5k0006zh29erp4cykkk","Liverpool FC","","","first_team","2026-09-30T11:03:55.486Z"
"cmuihw2pq0am9sexpi3o8vxvy","Bradley Barcola","reassign","cmuihqbws00ajh29e1ujz5fht","Paris Saint-Germain","cmuihq5k0006zh29erp4cykkk","Liverpool FC","","","first_team","2026-09-30T11:03:55.605Z"
"cmuihvzb506xysexpt0vvhakn","Fran García","reassign","cmuihq9wg009hh29ermlar2c7","Real Madrid","cmuihpzzw003zh29esiigzvql","Real Betis Balompié","","","first_team","2026-09-30T11:03:55.732Z"
"cmuihvzam06l3sexp7okeqj6c","Dani Ceballos","reassign","cmuihq9wg009hh29ermlar2c7","Real Madrid","cmuihpzzw003zh29esiigzvql","Real Betis Balompié","","","first_team","2026-09-30T11:03:55.869Z"
"cmuihw1cw0969sexp53ydbyps","Illan Meslier","attach","NONE","Unassigned","cmuiho5do001hb23froc57owj","Arsenal FC","30","Goalkeeper","first_team","2026-09-30T11:03:55.993Z"
"cmuihvzwn07yssexp5gygtk5p","Ezri Konsa","reassign","cmuihq8vi008xh29edz4vg4xw","Aston Villa","cmuiho5do001hb23froc57owj","Arsenal FC","15","Defender","first_team","2026-09-30T11:03:56.106Z"
"cmuihw1bi08xesexpk2swk1j9","Bruno Guimarães","reassign","cmuihqepp00c5h29e6dizfj3r","Newcastle United","cmuiho5do001hb23froc57owj","Arsenal FC","39","Midfield","first_team","2026-09-30T11:03:56.236Z"
"FM_1157237","Christos Tzolis","create new player","NONE","Unassigned","cmuiho5do001hb23froc57owj","Arsenal FC","17","Attack","first_team","2026-09-30T11:03:56.350Z"
"cmuihvy6p05pssexp73aqnxhs","João Palhinha","reassign","cmuihq3qa0061h29eyxx4xw43","Bayern Munich","cmuihq4q6006lh29eutf0qltf","SL Benfica","","","first_team","2026-09-30T11:03:56.473Z"
"cmuihvzbb0746sexph6kh7tq2","Kalvin Phillips","reassign","cmuihq3vs0069h29ebm5xqhye","Manchester City","cmuihq7mj0089h29e0q3gm3nk","West Ham United","","","first_team","2026-09-30T11:03:56.594Z""cmuihs1h00179h29eublo2l4q","Rodri","detach","cmuihoy3o002vb23f8egwo6vd","FC Barcelona","","Unassigned (previous status: first_team)","","Defender","departed","2026-09-30T11:32:28.859Z"
