clubId,clubName,playerId,fullName,marketValueEur,dateOfBirth,age,verifyReason
"cmuiho5do001hb23froc57owj","Arsenal FC","cmuihvwru03vysexpyx8qaql4","Leandro Trossard",18000000,"1994-12-04",31,"High market value (EUR 18,000,000) >= 10M"
"cmuiho5do001hb23froc57owj","Arsenal FC","cmuihw3fc0bvvsexpksu1ma1l","Alexéi Rojas",250000,"2005-09-28",21,"Young age (21) <= 21"
"cmuiho5do001hb23froc57owj","Arsenal FC","cmuihw24k0a6qsexp2t10fjmh","Gabriel Martinelli",45000000,"2001-06-18",25,"High market value (EUR 45,000,000) >= 10M"
"cmuiho5do001hb23froc57owj","Arsenal FC","cmuihw3el0bc2sexp7tgcux59","Tommy Setford",500000,"2006-03-13",20,"Young age (20) <= 21"
"cmuihq8vi008xh29edz4vg4xw","Aston Villa","cmuihvzao06mzsexphnrl2y25","Ollie Watkins",25000000,"1995-12-30",30,"High market value (EUR 25,000,000) >= 10M"
"cmuihq8vi008xh29edz4vg4xw","Aston Villa","cmuihvzw007khsexpziixstti","Leon Bailey",14000000,"1997-08-09",29,"High market value (EUR 14,000,000) >= 10M"
"cmuihq8vi008xh29edz4vg4xw","Aston Villa","cmuihw24s0acrsexp2xeg7wrc","Enzo Barrenechea",12000000,"2001-05-22",25,"High market value (EUR 12,000,000) >= 10M"
"cmuihq8vi008xh29edz4vg4xw","Aston Villa","cmuihw2ps0aodsexpf58ullyc","James Wright",200000,"2004-12-02",21,"Young age (21) <= 21"
"cmuihq8vi008xh29edz4vg4xw","Aston Villa","cmuihw3el0bc1sexpe4lvbxq3","Kosta Nedeljkovic",6000000,"2005-12-16",20,"Young age (20) <= 21"
"cmuihq8vi008xh29edz4vg4xw","Aston Villa","cmuihw4rk0czrsexpmm5ggtwg","Bradley Burrowes",2000000,"2008-03-04",18,"Young age (18) <= 21"
"cmuihqh6y00dfh29eokvzxktp","AFC Bournemouth","cmuihw44b0cnhsexp1vckxvvw","Remy Rees-Dottin",300000,"2006-03-06",20,"Young age (20) <= 21"
"cmuihqh6y00dfh29eokvzxktp","AFC Bournemouth","cmuihw43o0c6hsexpcl9l06xu","Matai Akinmboni",1000000,"2006-10-17",19,"Young age (19) <= 21"
"cmuihqh6y00dfh29eokvzxktp","AFC Bournemouth","cmuihw2pz0auosexpuxd857vv","Álex Jiménez",22000000,"2005-05-08",21,"High market value (EUR 22,000,000) and young age (21)"
"cmuihqh6y00dfh29eokvzxktp","AFC Bournemouth","cmuihw43i0c3msexp3kiwwm84","Callan McKenna",500000,"2006-12-22",19,"Young age (19) <= 21"
"cmuihocpq001vb23fu3cm5yh8","Brentford FC","cmuihw3ez0blxsexpp1pbs55k","Riley Owen",0,"2005-08-24",21,"Young age (21) <= 21"
"cmuihocpq001vb23fu3cm5yh8","Brentford FC","cmuihw44b0cnmsexpaqvzpo4j","Romelle Donovan",3500000,"2006-11-30",19,"Young age (19) <= 21"
"cmuihocpq001vb23fu3cm5yh8","Brentford FC","cmuihw2pt0ap2sexpv6jygodo","Yegor Yarmolyuk",32000000,"2004-03-01",22,"High market value (EUR 32,000,000) >= 10M"
"cmuihocpq001vb23fu3cm5yh8","Brentford FC","cmuihw4r50ctdsexplluenb08","Benjamin Arthur",100000,"2005-10-09",20,"Young age (20) <= 21"
"cmuihocpq001vb23fu3cm5yh8","Brentford FC","cmuihw43d0byqsexpb35wc35j","Jayden Meghoma",2000000,"2006-06-28",20,"Young age (20) <= 21"
"cmuihocpq001vb23fu3cm5yh8","Brentford FC","cmuihw4r40ct5sexpoqdcaxpf","Yunus Konak",3500000,"2006-01-10",20,"Young age (20) <= 21"
"cmuihomne002bb23fq0sdhdrm","Brighton & Hove Albion","cmuihw4460cj7sexpj9chah07","Harry Howell",300000,"2008-04-20",18,"Young age (18) <= 21"
"cmuihomne002bb23fq0sdhdrm","Brighton & Hove Albion","cmuihw3f20boosexp1hvizdvo","Charlie Tasker",200000,"2006-02-24",20,"Young age (20) <= 21"
"cmuihqcpo00b1h29edf8q9ksb","Chelsea FC","cmuihvzb80719sexp519zislh","Trevoh Chalobah",40000000,"1999-07-05",27,"High market value (EUR 40,000,000) >= 10M"
"cmuihqcpo00b1h29edf8q9ksb","Chelsea FC","cmuihw43i0c38sexpjt5253x6","Shumaira Mheuka",800000,"2007-10-20",18,"Young age (18) <= 21"
"cmuihqcpo00b1h29edf8q9ksb","Chelsea FC","cmuihw4470cjusexpm0azenk6","Ollie Harrison",300000,"2007-08-07",19,"Young age (19) <= 21"
"cmuihqcpo00b1h29edf8q9ksb","Chelsea FC","cmuihvzwg07u1sexpu0e6p4p6","Robert Sánchez",22000000,"1997-11-18",28,"High market value (EUR 22,000,000) >= 10M"
"cmuihqcpo00b1h29edf8q9ksb","Chelsea FC","cmuihw1d909bdsexpvzkralfz","Emmanuel Emegha",25000000,"2003-02-03",23,"High market value (EUR 25,000,000) >= 10M"
"cmuihqcpo00b1h29edf8q9ksb","Chelsea FC","cmuihw1em09k8sexp0g4adg4x","Filip Jørgensen",15000000,"2002-04-16",24,"High market value (EUR 15,000,000) >= 10M"
"cmuihqcpo00b1h29edf8q9ksb","Chelsea FC","cmuihw24q0abrsexp9m14t0ai","Dário Essugo",15000000,"2005-03-14",21,"High market value (EUR 15,000,000) and young age (21)"
"cmuihqcpo00b1h29edf8q9ksb","Chelsea FC","cmuihw2q20ax5sexp2dbzhfaj","Caleb Wiley",8000000,"2004-12-22",21,"Young age (21) <= 21"
"cmuihqcpo00b1h29edf8q9ksb","Chelsea FC","cmuihw3eh0b8zsexpl3y51h6k","Max Merrick",0,"2005-11-10",20,"Young age (20) <= 21"
"cmuihqcpo00b1h29edf8q9ksb","Chelsea FC","cmuihw3ez0bmgsexpl2afds0e","Mamadou Sarr",22000000,"2005-08-29",21,"High market value (EUR 22,000,000) and young age (21)"
"cmuihqcpo00b1h29edf8q9ksb","Chelsea FC","cmuihw3fb0bv6sexp5tyyprpr","Marc Guiu",12000000,"2006-01-04",20,"High market value (EUR 12,000,000) and young age (20)"
"cmuihqcpo00b1h29edf8q9ksb","Chelsea FC","cmuihw43y0ceqsexpykawz4gg","Kendry Páez",8000000,"2007-05-04",19,"Young age (19) <= 21"
"cmuihqfqr00cqh29e2077zt3y","Crystal Palace","cmuihw0iu0868sexppt652rcy","Maxence Lacroix",50000000,"2000-04-06",26,"High market value (EUR 50,000,000) >= 10M"
"cmuihqfqr00cqh29e2077zt3y","Crystal Palace","cmuihw3eq0bf5sexpwchr2gnk","David Ozoh",2200000,"2005-05-06",21,"Young age (21) <= 21"
"cmuihqfqr00cqh29e2077zt3y","Crystal Palace","cmuihw43g0c12sexpjrygiatd","Romain Esse",10000000,"2005-05-13",21,"High market value (EUR 10,000,000) and young age (21)"
"cmuihqfqr00cqh29e2077zt3y","Crystal Palace","cmuihw43q0c80sexpn2qndj18","Zach Marsh",0,"2005-10-06",20,"Young age (20) <= 21"
"cmuihqfqr00cqh29e2077zt3y","Crystal Palace","cmuihw43x0cdrsexppvcsfhrn","Rio Cardines",300000,"2006-07-01",20,"Young age (20) <= 21"
"cmuihqfqr00cqh29e2077zt3y","Crystal Palace","cmuihw43x0cdssexpwrap83a1","Caleb Kporha",1000000,"2006-07-15",20,"Young age (20) <= 21"
"cmuihqfqr00cqh29e2077zt3y","Crystal Palace","cmuihw2q20axbsexps9makg4r","Justin Devenny",12000000,"2003-10-11",22,"High market value (EUR 12,000,000) >= 10M"
"cmuihqfqr00cqh29e2077zt3y","Crystal Palace","cmuihw3f20bocsexplfkk7wak","Jackson Izquierdo",0,"2004-10-15",21,"Young age (21) <= 21"
"cmuihq4bo006fh29ef9sfod5p","Everton FC","cmuihw3fb0bv1sexpfya6b2ts","Adam Aznou",6000000,"2006-06-02",20,"Young age (20) <= 21"
"cmuihq4bo006fh29ef9sfod5p","Everton FC","cmuihvzwu082ksexpkmi7f97w","Nathan Patterson",10000000,"2001-10-16",24,"High market value (EUR 10,000,000) >= 10M"
"cmuihq4bo006fh29ef9sfod5p","Everton FC","cmuihw1em09k5sexpvvvnin7w","Dwight McNeil",18000000,"1999-11-22",26,"High market value (EUR 18,000,000) >= 10M"
"cmuihq4bo006fh29ef9sfod5p","Everton FC","cmuihw23v09n8sexpk9amd02x","Beto",18000000,"1998-01-31",28,"High market value (EUR 18,000,000) >= 10M"
"cmuihq4bo006fh29ef9sfod5p","Everton FC","cmuihw2q50axssexp3i0oroz4","Carlos Alcaraz",15000000,"2002-11-30",23,"High market value (EUR 15,000,000) >= 10M"
"cmuihq4bo006fh29ef9sfod5p","Everton FC","cmuihw43t0cabsexprazi81lg","Callum Bates",0,"2005-09-28",21,"Young age (21) <= 21"
"cmuihqg9600cxh29echnkyx9e","Fulham FC","cmuihw2q30axmsexpd2dfzjtk","Alfie McNally",0,"2004-12-22",21,"Young age (21) <= 21"
"cmuihqg9600cxh29echnkyx9e","Fulham FC","cmuihw3ef0b6ysexpld80kah0","Luke Harris",900000,"2005-03-04",21,"Young age (21) <= 21"
"cmuihq56p006vh29efww9bqgh","Hull City","cmunpe1oh000xqkd34hh1964e","Christos Mouzakitis",25000000,"2006-12-25",19,"High market value (EUR 25,000,000) and young age (19)"
"cmuihq56p006vh29efww9bqgh","Hull City","cmuihw24509v1sexpc0523j1p","Tyler Morton",30000000,"2002-10-31",23,"High market value (EUR 30,000,000) >= 10M"
"cmuihq8hv008ph29ejwdrv7xd","Leeds United","cmuihw24909y8sexpt3k55pn3","Wilfried Gnonto",16000000,"2003-11-05",22,"High market value (EUR 16,000,000) >= 10M"
"cmuihq8hv008ph29ejwdrv7xd","Leeds United","cmuihvzvp07d5sexpj8xf70p9","Joël Piroe",10000000,"1999-08-02",27,"High market value (EUR 10,000,000) >= 10M"
"cmuihq5k0006zh29erp4cykkk","Liverpool FC","cmuihw0it085osexput721p1b","Curtis Jones",35000000,"2001-01-30",25,"High market value (EUR 35,000,000) >= 10M"
"cmuihq5k0006zh29erp4cykkk","Liverpool FC","cmuihw3eq0bf0sexpzo6aq252","Stefan Bajcetic",4000000,"2004-10-22",21,"Young age (21) <= 21"
"cmuihq5k0006zh29erp4cykkk","Liverpool FC","cmuihw3fe0bxcsexpeb82ym8t","Michael Laffey",0,"2005-10-11",20,"Young age (20) <= 21"
"cmuihq5k0006zh29erp4cykkk","Liverpool FC","cmuihw44d0cpbsexp92cim43f","Amara Nallo",1000000,"2006-11-18",19,"Young age (19) <= 21"
"cmuihq5k0006zh29erp4cykkk","Liverpool FC","cmuihw1dd09ddsexp91i1kapk","Harvey Elliott",20000000,"2003-04-04",23,"High market value (EUR 20,000,000) >= 10M"
"cmuihq5k0006zh29erp4cykkk","Liverpool FC","cmuihw2px0asvsexposua05vs","Kaide Gordon",1200000,"2004-10-05",21,"Young age (21) <= 21"
"cmuihq5k0006zh29erp4cykkk","Liverpool FC","cmuihw3f80bsbsexpejaetk2o","Ármin Pécsi",0,"2005-02-24",21,"Young age (21) <= 21"
"cmuihq5k0006zh29erp4cykkk","Liverpool FC","cmuihw3fb0bvhsexp57h8f53e","Jayden Danns",800000,"2006-01-16",20,"Young age (20) <= 21"
"cmuihq3vs0069h29ebm5xqhye","Manchester City","cmuihvxfp04e7sexpuxl5r6dm","Nathan Aké",12000000,"1995-02-18",31,"High market value (EUR 12,000,000) >= 10M"
"cmuihq3vs0069h29ebm5xqhye","Manchester City","cmuihw3ek0bbasexpm5jfxo1v","Max Alleyne",8000000,"2005-07-21",21,"Young age (21) <= 21"
"cmuihq3vs0069h29ebm5xqhye","Manchester City","cmuihw0jk08eisexplqpqf0t0","Tijjani Reijnders",50000000,"1998-07-29",28,"High market value (EUR 50,000,000) >= 10M"
"cmuihq3vs0069h29ebm5xqhye","Manchester City","cmuihw24809wrsexpkfdthel9","Iliman Ndiaye",55000000,"2000-03-06",26,"High market value (EUR 55,000,000) >= 10M"
"cmuihq3vs0069h29ebm5xqhye","Manchester City","cmuihw2q00avtsexppurxa90p","Savinho",35000000,"2004-04-10",22,"High market value (EUR 35,000,000) >= 10M"
"cmuihq3vs0069h29ebm5xqhye","Manchester City","cmuihw3ez0bmlsexpk658e1si","Sverre Nypan",13000000,"2006-12-19",19,"High market value (EUR 13,000,000) and young age (19)"
"cmuihqgxr00ddh29e8cr2u808","Manchester United","cmuihw3ez0bmjsexp6zsi8vz8","Tyler Fredricson",3000000,"2005-02-23",21,"Young age (21) <= 21"
"cmuihqgxr00ddh29e8cr2u808","Manchester United","cmuihw43w0ccssexps464mf3j","Chido Obi",5000000,"2007-11-29",18,"Young age (18) <= 21"
"cmuihqgxr00ddh29e8cr2u808","Manchester United","cmuihw4rt0d38sexph1ji3lo9","Diego León",4000000,"2007-04-03",19,"Young age (19) <= 21"
"cmuihqepp00c5h29e6dizfj3r","Newcastle United","cmuihvzb306wisexpse9wl683","Joe Willock",14000000,"1999-08-20",27,"High market value (EUR 14,000,000) >= 10M"
"cmuihqepp00c5h29e6dizfj3r","Newcastle United","cmuihw43t0cajsexpq6rn0hxx","Aidan Harris",200000,"2006-12-16",19,"Young age (19) <= 21"
"cmuihqepp00c5h29e6dizfj3r","Newcastle United","cmuihw0ka08t0sexpue1ce09w","Tino Livramento",45000000,"2002-11-12",23,"High market value (EUR 45,000,000) >= 10M"
"cmuihqepp00c5h29e6dizfj3r","Newcastle United","cmuihw43t0caisexpscqsayus","Adam Harrison",100000,"2006-10-20",19,"Young age (19) <= 21"
"cmuihqdq000bkh29et7iwzrfd","Nottingham Forest","cmuihw24o0aacsexpxvaefmxn","Ben Hammond",0,"2004-10-02",21,"Young age (21) <= 21"
"cmuihqdq000bkh29et7iwzrfd","Nottingham Forest","cmuihw3f30bpksexpdo28kxmn","Jack Thompson",0,"2005-05-05",21,"Young age (21) <= 21"
"cmuihqdq000bkh29et7iwzrfd","Nottingham Forest","cmuihw24s0ad3sexp360xfzfm","Morato",14000000,"2001-06-30",25,"High market value (EUR 14,000,000) >= 10M"
"cmuihqdq000bkh29et7iwzrfd","Nottingham Forest","cmuihw43o0c6gsexp9lyrvy4x","Keehan Willows",0,"2005-10-01",20,"Young age (20) <= 21"
"cmuihq47i006bh29e3kejf8oh","Sunderland AFC","cmuihw3fa0buosexpy22z1wir","Harrison Jones",150000,"2004-12-25",21,"Young age (21) <= 21"
"cmuihq47i006bh29e3kejf8oh","Sunderland AFC","cmuihw43g0c15sexpjzcvyrj0","Eliezer Mayenda",16000000,"2005-05-08",21,"High market value (EUR 16,000,000) and young age (21)"
"cmuihq47i006bh29e3kejf8oh","Sunderland AFC","cmuihw24l0a7psexpg8yiw4co","Simon Adingra",22000000,"2002-01-01",24,"High market value (EUR 22,000,000) >= 10M"
"cmuihq47i006bh29e3kejf8oh","Sunderland AFC","cmuihw4490cljsexpzx9qmhc4","Timur Tuterov",0,"2005-06-11",21,"Young age (21) <= 21"
"cmuihq47i006bh29e3kejf8oh","Sunderland AFC","cmuihw3f20bossexp0tx1r70j","Ben Middlemas",0,"2004-12-13",21,"Young age (21) <= 21"
"cmuihq47i006bh29e3kejf8oh","Sunderland AFC","cmuihw4rw0d57sexp7wx2eela","Jocelin Ta Bi",2500000,"2005-02-09",21,"Young age (21) <= 21"
"cmuihpzs8003vh29eyrxt8nk5","Tottenham Hotspur","cmuihvyqu064ksexp6ttb66ol","Guglielmo Vicario",18000000,"1996-10-07",29,"High market value (EUR 18,000,000) >= 10M"
"cmuihpzs8003vh29eyrxt8nk5","Tottenham Hotspur","cmuihvzbi0776sexp57a41jij","Cristian Romero",45000000,"1998-04-27",28,"High market value (EUR 45,000,000) >= 10M"
"cmuihpzs8003vh29eyrxt8nk5","Tottenham Hotspur","cmuihw0k208mqsexpa280gxoz","Djed Spence",30000000,"2000-08-09",26,"High market value (EUR 30,000,000) >= 10M"
"cmuihpzs8003vh29eyrxt8nk5","Tottenham Hotspur","cmuihw1dg09ewsexpvn4sq5qv","Radu Drăgușin",16000000,"2002-02-03",24,"High market value (EUR 16,000,000) >= 10M"
"cmuihpzs8003vh29eyrxt8nk5","Tottenham Hotspur","cmuihw1dg09eysexpet5m9lol","Pape Matar Sarr",30000000,"2002-09-14",24,"High market value (EUR 30,000,000) >= 10M"
"cmuihpzs8003vh29eyrxt8nk5","Tottenham Hotspur","cmuihw43x0cdvsexp3pa7ja9f","Yusuf Akhamrich",0,"2005-09-05",21,"Young age (21) <= 21"
"cmuihpzs8003vh29eyrxt8nk5","Tottenham Hotspur","cmuihw3et0bh7sexp7u5xy2q2","Rio Kyerematen",0,"2005-06-09",21,"Young age (21) <= 21"
"cmuihpzs8003vh29eyrxt8nk5","Tottenham Hotspur","cmuihw3eu0bi6sexppo7k8vr8","Luca Gunter",0,"2005-03-23",21,"Young age (21) <= 21"
"cmuihpzs8003vh29eyrxt8nk5","Tottenham Hotspur","cmuihw43j0c49sexp7kzw6j1g","Callum Olusesi",500000,"2007-03-11",19,"Young age (19) <= 21"