player,from club,to club,action,will apply yes/no,reason
"Alessandro Longoni","Unassigned","Paris Saint-Germain","create new player","yes","create new player in Paris Saint-Germain from target roster"
"Lucas Digne","Aston Villa","Paris Saint-Germain","reassign","yes","reassign to Paris Saint-Germain"
"Ferran Torres","FC Barcelona","Paris Saint-Germain","reassign","yes","reassign to Paris Saint-Germain"
"Maghnes Akliouche","AS Monaco","Paris Saint-Germain","reassign","yes","reassign to Paris Saint-Germain"
"Mika Godts","Ajax Amsterdam","Paris Saint-Germain","reassign","yes","reassign to Paris Saint-Germain"
"Omar Marmoush","Manchester City","Tottenham Hotspur","reassign","yes","reassign to Tottenham Hotspur"
"Ethan Nwaneri","Arsenal FC","Borussia Dortmund","reassign","yes","reassign to Borussia Dortmund"
"Stefan Ortega","Manchester City","Unassigned","detach","yes","detach from Manchester City"
"Manuel Akanji","Manchester City","Inter Milan","reassign","yes","reassign to Inter Milan"
"Jaden Heskey","Manchester City","Unassigned","detach","yes","detach from Manchester City"
"Gerónimo Rulli","Olympique Marseille","Manchester City","reassign","yes","reassign to Manchester City"
"Josh Wilson-Esbrand","Unassigned","Manchester City","create new player","yes","create new player in Manchester City from target roster"
"Ayyoub Bouaddi","LOSC Lille","Manchester City","reassign","yes","reassign to Manchester City"
"Iliman Ndiaye","Everton FC","Manchester City","reassign","yes","reassign to Manchester City"
"Allan","Unassigned","Manchester City","create new player","yes","create new player in Manchester City from target roster"
"Ryan McAidoo","Unassigned","Manchester City","attach","yes","attach to Manchester City"
"Renato Marin","Paris Saint-Germain","CD Nacional","reassign","yes","reassign to CD Nacional"
"Kang-in Lee","Paris Saint-Germain","Atlético de Madrid","reassign","yes","reassign to Atlético de Madrid"
"Dani Rodríguez","FC Barcelona","Unassigned","detach","yes","detach from FC Barcelona"
"Álvaro Cortés","FC Barcelona","Unassigned","detach","yes","detach from FC Barcelona"
"Dominik Livakovic","Unassigned","FC Barcelona","attach","yes","attach to FC Barcelona"
"Eder Aller","Unassigned","FC Barcelona","attach","yes","attach to FC Barcelona"
"João Cancelo","Unassigned","FC Barcelona","create new player","yes","create new player in FC Barcelona from target roster"
"Brian Fariñas","Unassigned","FC Barcelona","create new player","yes","create new player in FC Barcelona from target roster"
"Karim Adeyemi","Borussia Dortmund","FC Barcelona","reassign","yes","reassign to FC Barcelona"
"Gabriel Jesus","Arsenal FC","FC Barcelona","reassign","yes","reassign to FC Barcelona"
"Jesse Bisiwu","Unassigned","FC Barcelona","create new player","yes","create new player in FC Barcelona from target roster"
"Hamza Abdelkarim","Unassigned","FC Barcelona","create new player","yes","create new player in FC Barcelona from target roster"
"Pol Fortuny","Real Madrid","Unassigned","detach","yes","detach from Real Madrid"
"Fran González","Real Madrid","Sevilla FC","reassign","yes","reassign to Sevilla FC"
"Manuel Ángel","Real Madrid","Fulham FC","reassign","yes","reassign to Fulham FC"
"Álvaro Leiva","Real Madrid","Unassigned","detach","yes","detach from Real Madrid"
"Manu Serrano","Real Madrid","Unassigned","detach","yes","detach from Real Madrid"
"David Jiménez","Real Madrid","Unassigned","detach","yes","detach from Real Madrid"
"Daniel Mesonero","Real Madrid","Unassigned","detach","yes","detach from Real Madrid"
"César Palacios","Real Madrid","Fulham FC","reassign","yes","reassign to Fulham FC"
"Ibrahima Konaté","Unassigned","Real Madrid","attach","yes","attach to Real Madrid"
"Marc Cucurella","Chelsea FC","Real Madrid","reassign","yes","reassign to Real Madrid"
"Denzel Dumfries","Inter Milan","Real Madrid","reassign","yes","reassign to Real Madrid"
"Bernardo Silva","Unassigned","Real Madrid","attach","yes","attach to Real Madrid"
"Jorge Cestero","Unassigned","Real Madrid","attach","yes","attach to Real Madrid"
"Carlos Espí","Levante UD","Real Madrid","reassign","yes","reassign to Real Madrid"
"Yan Diomande","Unassigned","Real Madrid","attach","yes","attach to Real Madrid"
"Franco Mastantuono","Real Madrid","ACF Fiorentina","reassign","yes","reassign to ACF Fiorentina"
"Marc Casadó","FC Barcelona","Deportivo de La Coruña","reassign","yes","reassign to Deportivo de La Coruña"
"Arijon Ibrahimovic","Bayern Munich","FC Augsburg","reassign","yes","reassign to FC Augsburg"
"Christian Nørgaard","Arsenal FC","Everton FC","reassign","yes","reassign to Everton FC"
"Gonzalo García","Real Madrid","Fulham FC","reassign","yes","reassign to Fulham FC"
"Jonah Kusi-Asare","Bayern Munich","Fulham FC","reassign","yes","reassign to Fulham FC"
"John Stones","Manchester City","Inter Milan","reassign","yes","reassign to Inter Milan"
"Gonçalo Ramos","Paris Saint-Germain","AC Milan","reassign","yes","reassign to AC Milan"
"Leon Goretzka","Bayern Munich","Aston Villa","reassign","yes","reassign to Aston Villa"
"Ibrahim Mbaye","Paris Saint-Germain","Aston Villa","reassign","yes","reassign to Aston Villa"
"Bryan Zaragoza","Bayern Munich","RCD Espanyol Barcelona","reassign","yes","reassign to RCD Espanyol Barcelona"
"Vincent Manuba","Bayern Munich","Unassigned","detach","yes","detach from Bayern Munich"
"Leon Klanac","Unassigned","Bayern Munich","attach","yes","attach to Bayern Munich"
"Tarek Buchmann","Unassigned","Bayern Munich","attach","yes","attach to Bayern Munich"
"Nathaniel Brown","Eintracht Frankfurt","Bayern Munich","reassign","yes","reassign to Bayern Munich"
"Cassiano Kiala","Unassigned","Bayern Munich","attach","yes","attach to Bayern Munich"
"Ismael Saibari","PSV Eindhoven","Bayern Munich","reassign","yes","reassign to Bayern Munich"
"Erblin Osmani","Unassigned","Bayern Munich","attach","yes","attach to Bayern Munich"
"Bara Ndiaye","Unassigned","Bayern Munich","create new player","yes","create new player in Bayern Munich from target roster"
"David Santos Daiber","Unassigned","Bayern Munich","attach","yes","attach to Bayern Munich"
"Bastian Assomo","Unassigned","Bayern Munich","attach","yes","attach to Bayern Munich"
"James Trafford","Manchester City","Leeds United","reassign","yes","reassign to Leeds United"
"Ronald Araujo","FC Barcelona","Liverpool FC","reassign","yes","reassign to Liverpool FC"
"Bradley Barcola","Paris Saint-Germain","Liverpool FC","reassign","yes","reassign to Liverpool FC"
"Fran García","Real Madrid","Real Betis Balompié","reassign","yes","reassign to Real Betis Balompié"
"Dani Ceballos","Real Madrid","Real Betis Balompié","reassign","yes","reassign to Real Betis Balompié"
"Illan Meslier","Unassigned","Arsenal FC","attach","yes","attach to Arsenal FC"
"Ezri Konsa","Aston Villa","Arsenal FC","reassign","yes","reassign to Arsenal FC"
"Bruno Guimarães","Newcastle United","Arsenal FC","reassign","yes","reassign to Arsenal FC"
"Christos Tzolis","Unassigned","Arsenal FC","create new player","yes","create new player in Arsenal FC from target roster"
"João Palhinha","Bayern Munich","SL Benfica","reassign","yes","reassign to SL Benfica"
"Rodri","FC Barcelona","Moreirense FC","reassign","no","held for manual review (stays at FC Barcelona)"
"Kalvin Phillips","Manchester City","West Ham United","reassign","yes","reassign to West Ham United"