playerId,fullName,fileValue,currentValue,sourceUrl
"cmuihw3ez0blxsexpp1pbs55k","Riley Owen",0,100000,"https://www.transfermarkt.com/riley-owen/profil/spieler/907218"
"cmuihw2pt0ap2sexpv6jygodo","Yegor Yarmolyuk",32000000,18000000,"https://www.transfermarkt.com/yegor-yarmolyuk/profil/spieler/717411"
"cmuihw4r50ctdsexplluenb08","Benjamin Arthur",100000,2000000,"https://www.transfermarkt.com/benjamin-arthur/profil/spieler/1144158"
"cmuihw4460cj7sexpj9chah07","Harry Howell",300000,500000,"https://www.transfermarkt.com/harry-howell/profil/spieler/1067168"
"cmuihw3eh0b8zsexpl3y51h6k","Max Merrick",0,100000,"https://www.transfermarkt.com/max-merrick/profil/spieler/827435"
"cmuihw43y0ceqsexpykawz4gg","Kendry Páez",8000000,12000000,"https://www.transfermarkt.com/kendry-paez/profil/spieler/1052439"
"cmuihw3eq0bf5sexpwchr2gnk","David Ozoh",2200000,4500000,"https://www.transfermarkt.com/david-ozoh/profil/spieler/865993"
"cmuihw43q0c80sexpn2qndj18","Zach Marsh",0,150000,"https://www.transfermarkt.com/zach-marsh/profil/spieler/1004679"
"cmuihw43x0cdrsexppvcsfhrn","Rio Cardines",300000,800000,"https://www.transfermarkt.com/rio-cardines/profil/spieler/1047257"
"cmuihw2q20axbsexps9makg4r","Justin Devenny",12000000,6000000,"https://www.transfermarkt.com/justin-devenny/profil/spieler/747009"
"cmuihw3f20bocsexplfkk7wak","Jackson Izquierdo",0,100000,"https://www.transfermarkt.com/jackson-izquierdo/profil/spieler/920005"
"cmuihw43t0cabsexprazi81lg","Callum Bates",0,150000,"https://www.transfermarkt.com/callum-bates/profil/spieler/1018716"
"cmuihw2q30axmsexpd2dfzjtk","Alfie McNally",0,100000,"https://www.transfermarkt.com/alfie-mcnally/profil/spieler/747950"
"cmuihw3fe0bxcsexpeb82ym8t","Michael Laffey",0,150000,"https://www.transfermarkt.com/michael-laffey/profil/spieler/947407"
"cmuihw3f80bsbsexpejaetk2o","Ármin Pécsi",0,200000,"https://www.transfermarkt.com/armin-pecsi/profil/spieler/933215"
"cmuihvxfp04e7sexpuxl5r6dm","Nathan Aké",12000000,8000000,"https://www.transfermarkt.com/nathan-ake/profil/spieler/177476"
"cmuihw2q00avtsexppurxa90p","Savinho",35000000,65000000,"https://www.transfermarkt.com/savinho/profil/spieler/743591"
"cmuihw3ez0bmjsexp6zsi8vz8","Tyler Fredricson",3000000,1500000,"https://www.transfermarkt.com/tyler-fredricson/profil/spieler/911424"
"cmuihw24o0aacsexpxvaefmxn","Ben Hammond",0,100000,"https://www.transfermarkt.com/ben-hammond/profil/spieler/667498"
"cmuihw3f30bpksexpdo28kxmn","Jack Thompson",0,100000,"https://www.transfermarkt.com/jack-thompson/profil/spieler/925093"
"cmuihw43o0c6gsexp9lyrvy4x","Keehan Willows",0,100000,"https://www.transfermarkt.com/keehan-willows/profil/spieler/994594"
"cmuihw43g0c15sexpjzcvyrj0","Eliezer Mayenda",16000000,22000000,"https://www.transfermarkt.com/eliezer-mayenda/profil/spieler/967346"
"cmuihw4490cljsexpzx9qmhc4","Timur Tuterov",0,300000,"https://www.transfermarkt.com/timur-tuterov/profil/spieler/1079078"
"cmuihw3f20bossexp0tx1r70j","Ben Middlemas",0,150000,"https://www.transfermarkt.com/ben-middlemas/profil/spieler/922463"
"cmuihw0k208mqsexpa280gxoz","Djed Spence",30000000,18000000,"https://www.transfermarkt.com/djed-spence/profil/spieler/483348"
"cmuihw1dg09ewsexpvn4sq5qv","Radu Drăgușin",16000000,25000000,"https://www.transfermarkt.com/radu-dragusin/profil/spieler/568559"
"cmuihw1dg09eysexpet5m9lol","Pape Matar Sarr",30000000,45000000,"https://www.transfermarkt.com/pape-matar-sarr/profil/spieler/568693"
"cmuihw43x0cdvsexp3pa7ja9f","Yusuf Akhamrich",0,250000,"https://www.transfermarkt.com/yusuf-akhamrich/profil/spieler/1047345"
"cmuihw3et0bh7sexp7u5xy2q2","Rio Kyerematen",0,250000,"https://www.transfermarkt.com/rio-kyerematen/profil/spieler/882172"
"cmuihw3eu0bi6sexppo7k8vr8","Luca Gunter",0,200000,"https://www.transfermarkt.com/luca-gunter/profil/spieler/888637"