clubId,clubName,playerId,fullName,marketValueEur,dateOfBirth,age,verifyReason,status,newClub,loanClub,transferDate,stillFlagged,sourceUrl,confidence,notes
"cmuiho5do001hb23froc57owj","Arsenal FC","cmuihvwru03vysexpyx8qaql4","Leandro Trossard",18000000,"1994-12-04",31,"High market value (EUR 18,000,000) >= 10M","left_league","Beşiktaş JK","","2026-07-15","true","https://www.transfermarkt.com/leandro-trossard/profil/spieler/144028","high","Completed permanent transfer to Beşiktaş JK in July 2026 for €18m (€20m total package)."
"cmuiho5do001hb23froc57owj","Arsenal FC","cmuihw3fc0bvvsexpksu1ma1l","Alexéi Rojas",250000,"2005-09-28",21,"Young age (21) <= 21","left_league","FC Penafiel","","2026-07-01","true","https://www.transfermarkt.com/alexei-rojas/profil/spieler/940915","high","Departed Arsenal on a free transfer in summer 2026 to join Portuguese second tier FC Penafiel."
"cmuiho5do001hb23froc57owj","Arsenal FC","cmuihw24k0a6qsexp2t10fjmh","Gabriel Martinelli",45000000,"2001-06-18",25,"High market value (EUR 45,000,000) >= 10M","left_league","Al-Hilal SFC","","2026-09-01","true","https://www.transfermarkt.com/gabriel-martinelli/profil/spieler/655488","high","Transferred to Al-Hilal SFC in September 2026 for a club-record fee of €70m."
"cmuiho5do001hb23froc57owj","Arsenal FC","cmuihw3el0bc2sexp7tgcux59","Tommy Setford",500000,"2006-03-13",20,"Young age (20) <= 21","on_loan_out","","Stevenage FC","2026-09-01","true","https://www.transfermarkt.com/tommy-setford/profil/spieler/848753","high","On season-long loan at Stevenage FC for regular first-team experience; parent club remains Arsenal."
"cmuihq8vi008xh29edz4vg4xw","Aston Villa","cmuihvzao06mzsexphnrl2y25","Ollie Watkins",25000000,"1995-12-30",30,"High market value (EUR 25,000,000) >= 10M","left_league","Al-Hilal SFC","","2026-08-15","true","https://www.transfermarkt.com/ollie-watkins/profil/spieler/324358","high","Completed permanent transfer to Al-Hilal SFC in August 2026."
"cmuihq8vi008xh29edz4vg4xw","Aston Villa","cmuihvzw007khsexpziixstti","Leon Bailey",14000000,"1997-08-09",29,"High market value (EUR 14,000,000) >= 10M","left_league","Olympiacos Piraeus","","2026-09-01","true","https://www.transfermarkt.com/leon-bailey/profil/spieler/387626","high","Completed permanent transfer to Olympiacos Piraeus in September 2026."
"cmuihq8vi008xh29edz4vg4xw","Aston Villa","cmuihw24s0acrsexp2xeg7wrc","Enzo Barrenechea",12000000,"2001-05-22",25,"High market value (EUR 12,000,000) >= 10M","on_loan_out","","SL Benfica","2026-07-01","true","https://www.transfermarkt.com/enzo-barrenechea/profil/spieler/661131","high","On season-long loan at SL Benfica for 2026/27; contracted to Aston Villa until 2029."
"cmuihq8vi008xh29edz4vg4xw","Aston Villa","cmuihw2ps0aodsexpf58ullyc","James Wright",200000,"2004-12-02",21,"Young age (21) <= 21","confirmed_same_club","","","","true","https://www.transfermarkt.com/james-wright/profil/spieler/812543","high","Confirmed at Aston Villa; playing as goalkeeper for Aston Villa U21 squad."
"cmuihq8vi008xh29edz4vg4xw","Aston Villa","cmuihw3el0bc1sexpe4lvbxq3","Kosta Nedeljkovic",6000000,"2005-12-16",20,"Young age (20) <= 21","on_loan_out","","Rangers FC","2026-08-01","true","https://www.transfermarkt.com/kosta-nedeljkovic/profil/spieler/943015","high","On loan at Rangers FC for 2026/27; contracted to Aston Villa until 2029."
"cmuihq8vi008xh29edz4vg4xw","Aston Villa","cmuihw4rk0czrsexpmm5ggtwg","Bradley Burrowes",2000000,"2008-03-04",18,"Young age (18) <= 21","on_loan_out","","Wigan Athletic","2026-09-01","true","https://www.transfermarkt.com/bradley-burrowes/profil/spieler/1183907","high","Joined Wigan Athletic on loan from Aston Villa on September 1, 2026 until June 2027."
"cmuihqh6y00dfh29eokvzxktp","AFC Bournemouth","cmuihw44b0cnhsexp1vckxvvw","Remy Rees-Dottin",300000,"2006-03-06",20,"Young age (20) <= 21","left_league","FK Čukarički","","2026-09-08","true","https://www.transfermarkt.com/remy-rees-dottin/profil/spieler/1063673","high","Transferred permanently to Serbian SuperLiga club FK Čukarički on September 8, 2026."
"cmuihqh6y00dfh29eokvzxktp","AFC Bournemouth","cmuihw43o0c6hsexpcl9l06xu","Matai Akinmboni",1000000,"2006-10-17",19,"Young age (19) <= 21","on_loan_out","","Dundee FC","2026-07-15","true","https://www.transfermarkt.com/matai-akinmboni/profil/spieler/994604","high","On season-long loan at Dundee FC (Scottish Premiership) for 2026/27 from AFC Bournemouth."
"cmuihqh6y00dfh29eokvzxktp","AFC Bournemouth","cmuihw2pz0auosexpuxd857vv","Álex Jiménez",22000000,"2005-05-08",21,"High market value (EUR 22,000,000) and young age (21)","on_loan_out","","ACF Fiorentina","2026-07-20","true","https://www.transfermarkt.com/alex-jimenez/profil/spieler/741257","high","On season-long loan at ACF Fiorentina with purchase option; parent club AFC Bournemouth."
"cmuihqh6y00dfh29eokvzxktp","AFC Bournemouth","cmuihw43i0c3msexp3kiwwm84","Callan McKenna",500000,"2006-12-22",19,"Young age (19) <= 21","confirmed_same_club","","","","true","https://www.transfermarkt.com/callan-mckenna/profil/spieler/983248","high","Confirmed at AFC Bournemouth; feature goalkeeper in development/U21 squad under contract."
"cmuihocpq001vb23fu3cm5yh8","Brentford FC","cmuihw3ez0blxsexpp1pbs55k","Riley Owen",0,"2005-08-24",21,"Young age (21) <= 21","confirmed_same_club","","","","true","https://www.transfermarkt.com/riley-owen/profil/spieler/907218","high","Confirmed at Brentford FC; playing with Brentford B / development squad."
"cmuihocpq001vb23fu3cm5yh8","Brentford FC","cmuihw44b0cnmsexpaqvzpo4j","Romelle Donovan",3500000,"2006-11-30",19,"Young age (19) <= 21","on_loan_out","","Sheffield United","2026-07-10","true","https://www.transfermarkt.com/romelle-donovan/profil/spieler/1091562","high","On season-long loan at Sheffield United (Championship) from Brentford."
"cmuihocpq001vb23fu3cm5yh8","Brentford FC","cmuihw2pt0ap2sexpv6jygodo","Yegor Yarmolyuk",32000000,"2004-03-01",22,"High market value (EUR 32,000,000) >= 10M","confirmed_same_club","","","","true","https://www.transfermarkt.com/yegor-yarmolyuk/profil/spieler/717411","high","Confirmed at Brentford FC; regular first-team central midfielder."
"cmuihocpq001vb23fu3cm5yh8","Brentford FC","cmuihw4r50ctdsexplluenb08","Benjamin Arthur",100000,"2005-10-09",20,"Young age (20) <= 21","on_loan_out","","Portsmouth FC","2026-08-01","true","https://www.transfermarkt.com/benjamin-arthur/profil/spieler/1144158","high","On season-long loan at Portsmouth FC (Championship) for 2026/27 from Brentford."
"cmuihocpq001vb23fu3cm5yh8","Brentford FC","cmuihw43d0byqsexpb35wc35j","Jayden Meghoma",2000000,"2006-06-28",20,"Young age (20) <= 21","on_loan_out","","Portsmouth FC","2026-09-01","true","https://www.transfermarkt.com/jayden-meghoma/profil/spieler/954104","high","On season-long loan at Portsmouth FC from Brentford for 2026/27."
"cmuihocpq001vb23fu3cm5yh8","Brentford FC","cmuihw4r40ct5sexpoqdcaxpf","Yunus Konak",3500000,"2006-01-10",20,"Young age (20) <= 21","on_loan_out","","Lincoln City","2026-08-15","true","https://www.transfermarkt.com/yunus-emre-konak/profil/spieler/1141628","high","Signed 5-year Brentford deal in August 2026 and loaned to Lincoln City for 2026/27."
"cmuihomne002bb23fq0sdhdrm","Brighton & Hove Albion","cmuihw4460cj7sexpj9chah07","Harry Howell",300000,"2008-04-20",18,"Young age (18) <= 21","on_loan_out","","Leicester City","2026-08-13","true","https://www.transfermarkt.com/harry-howell/profil/spieler/1067168","high","On season-long loan at Leicester City from Brighton until May 2027."
"cmuihomne002bb23fq0sdhdrm","Brighton & Hove Albion","cmuihw3f20boosexp1hvizdvo","Charlie Tasker",200000,"2006-02-24",20,"Young age (20) <= 21","on_loan_out","","Rochdale AFC","2026-09-01","true","https://www.transfermarkt.com/charlie-tasker/profil/spieler/921662","high","On season-long loan at Rochdale AFC from Brighton until May 2027."
"cmuihqcpo00b1h29edf8q9ksb","Chelsea FC","cmuihvzb80719sexp519zislh","Trevoh Chalobah",40000000,"1999-07-05",27,"High market value (EUR 40,000,000) >= 10M","left_league","Como 1907","","2026-07-25","true","https://www.transfermarkt.com/trevoh-chalobah/profil/spieler/346314","high","Permanent transfer to Serie A club Como 1907 in summer 2026."
"cmuihqcpo00b1h29edf8q9ksb","Chelsea FC","cmuihw43i0c38sexpjt5253x6","Shumaira Mheuka",800000,"2007-10-20",18,"Young age (18) <= 21","on_loan_out","","Celtic","2026-08-10","true","https://www.transfermarkt.com/shumaira-mheuka/profil/spieler/982097","high","Signed new Chelsea contract to 2031; on season-long loan at Celtic for 2026/27."
"cmuihqcpo00b1h29edf8q9ksb","Chelsea FC","cmuihw4470cjusexpm0azenk6","Ollie Harrison",300000,"2007-08-07",19,"Young age (19) <= 21","on_loan_out","","AFC Wimbledon","2026-08-15","true","https://www.transfermarkt.com/ollie-harrison/profil/spieler/1071819","high","Contracted to Chelsea until 2029; on season-long loan at AFC Wimbledon."
"cmuihqcpo00b1h29edf8q9ksb","Chelsea FC","cmuihvzwg07u1sexpu0e6p4p6","Robert Sánchez",22000000,"1997-11-18",28,"High market value (EUR 22,000,000) >= 10M","on_loan_out","","Como 1907","2026-09-01","true","https://www.transfermarkt.com/robert-sanchez/profil/spieler/403151","high","On season-long loan at Como 1907 (Serie A) from Chelsea; contract at Chelsea runs to 2030."
"cmuihqcpo00b1h29edf8q9ksb","Chelsea FC","cmuihw1d909bdsexpvzkralfz","Emmanuel Emegha",25000000,"2003-02-03",23,"High market value (EUR 25,000,000) >= 10M","confirmed_same_club","","","","true","https://www.transfermarkt.com/emmanuel-emegha/profil/spieler/559328","high","Confirmed at Chelsea FC; joined from Strasbourg, recovering from preseason injury."
"cmuihqcpo00b1h29edf8q9ksb","Chelsea FC","cmuihw1em09k8sexp0g4adg4x","Filip Jørgensen",15000000,"2002-04-16",24,"High market value (EUR 15,000,000) >= 10M","on_loan_out","","RC Strasbourg","2026-08-01","true","https://www.transfermarkt.com/filip-jorgensen/profil/spieler/585323","high","On season-long loan at RC Strasbourg from Chelsea for 2026/27."
"cmuihqcpo00b1h29edf8q9ksb","Chelsea FC","cmuihw24q0abrsexp9m14t0ai","Dário Essugo",15000000,"2005-03-14",21,"High market value (EUR 15,000,000) and young age (21)","on_loan_out","","RC Strasbourg","2026-08-05","true","https://www.transfermarkt.com/dario-essugo/profil/spieler/670717","high","On season-long loan at RC Strasbourg from Chelsea for 2026/27."
"cmuihqcpo00b1h29edf8q9ksb","Chelsea FC","cmuihw2q20ax5sexp2dbzhfaj","Caleb Wiley",8000000,"2004-12-22",21,"Young age (21) <= 21","on_loan_out","","Preston North End","2026-08-12","true","https://www.transfermarkt.com/caleb-wiley/profil/spieler/746833","high","On season-long loan at Preston North End (Championship) from Chelsea for 2026/27."
"cmuihqcpo00b1h29edf8q9ksb","Chelsea FC","cmuihw3eh0b8zsexpl3y51h6k","Max Merrick",0,"2005-11-10",20,"Young age (20) <= 21","on_loan_out","","Hartlepool United","2026-08-01","true","https://www.transfermarkt.com/max-merrick/profil/spieler/827435","high","Extended Chelsea contract to 2028; on loan at Hartlepool United for 2026/27."
"cmuihqcpo00b1h29edf8q9ksb","Chelsea FC","cmuihw3ez0bmgsexpl2afds0e","Mamadou Sarr",22000000,"2005-08-29",21,"High market value (EUR 22,000,000) and young age (21)","on_loan_out","","Real Sociedad","2026-08-28","true","https://www.transfermarkt.com/mamadou-sarr/profil/spieler/910905","high","On loan at Real Sociedad (La Liga) from Chelsea; contract runs to 2033."
"cmuihqcpo00b1h29edf8q9ksb","Chelsea FC","cmuihw3fb0bv6sexp5tyyprpr","Marc Guiu",12000000,"2006-01-04",20,"High market value (EUR 12,000,000) and young age (20)","on_loan_out","","RB Leipzig","2026-08-15","true","https://www.transfermarkt.com/marc-guiu/profil/spieler/938158","high","On loan at RB Leipzig (Bundesliga) for 2026/27; contracted to Chelsea to 2029."
"cmuihqcpo00b1h29edf8q9ksb","Chelsea FC","cmuihw43y0ceqsexpykawz4gg","Kendry Páez",8000000,"2007-05-04",19,"Young age (19) <= 21","on_loan_out","","River Plate","2026-01-30","true","https://www.transfermarkt.com/kendry-paez/profil/spieler/1052439","high","On loan at River Plate from Chelsea through 2026/27."
"cmuihqcpo00b1h29edf8q9ksb","Chelsea FC","cmuihw0iu0868sexppt652rcy","Maxence Lacroix",50000000,"2000-04-06",26,"High market value (EUR 50,000,000) >= 10M","transferred_within_file","Chelsea FC","","2026-07-20","true","https://www.transfermarkt.com/maxence-lacroix/profil/spieler/434224","high","Transferred from Crystal Palace to Chelsea FC in July 2026 for €61m; signed until 2031."
"cmuihqfqr00cqh29e2077zt3y","Crystal Palace","cmuihw3eq0bf5sexpwchr2gnk","David Ozoh",2200000,"2005-05-06",21,"Young age (21) <= 21","left_league","Derby County","","2026-09-01","true","https://www.transfermarkt.com/david-ozoh/profil/spieler/865993","high","Completed permanent transfer to Derby County on September 1, 2026 for €4.65m."
"cmuihqfqr00cqh29e2077zt3y","Crystal Palace","cmuihw43g0c12sexpjrygiatd","Romain Esse",10000000,"2005-05-13",21,"High market value (EUR 10,000,000) and young age (21)","on_loan_out","","Millwall FC","2026-08-01","true","https://www.transfermarkt.com/romain-esse/profil/spieler/967319","high","On season-long loan at Millwall FC from Crystal Palace for 2026/27."
"cmuihqfqr00cqh29e2077zt3y","Crystal Palace","cmuihw43q0c80sexpn2qndj18","Zach Marsh",0,"2005-10-06",20,"Young age (20) <= 21","released","","","2026-07-01","true","https://www.transfermarkt.com/zach-marsh/profil/spieler/1004679","high","Released by Crystal Palace upon expiry of contract on July 1, 2026; currently without club."
"cmuihqfqr00cqh29e2077zt3y","Crystal Palace","cmuihw43x0cdrsexppvcsfhrn","Rio Cardines",300000,"2006-07-01",20,"Young age (20) <= 21","on_loan_out","","Bristol City","2026-08-11","true","https://www.transfermarkt.com/rio-cardines/profil/spieler/1047257","high","On loan at Bristol City from Crystal Palace until May 31, 2027; contract runs to 2028."
"cmuihqfqr00cqh29e2077zt3y","Crystal Palace","cmuihw43x0cdssexpwrap83a1","Caleb Kporha",1000000,"2006-07-15",20,"Young age (20) <= 21","confirmed_same_club","","","","true","https://www.transfermarkt.com/caleb-kporha/profil/spieler/1047261","high","Confirmed at Crystal Palace; key defender in Palace U21 under contract to 2029."
"cmuihqfqr00cqh29e2077zt3y","Crystal Palace","cmuihw2q20axbsexps9makg4r","Justin Devenny",12000000,"2003-10-11",22,"High market value (EUR 12,000,000) >= 10M","left_league","Stoke City","","2026-09-01","true","https://www.transfermarkt.com/justin-devenny/profil/spieler/747009","high","Completed permanent transfer to Stoke City on September 1, 2026 for €5.85m."
"cmuihqfqr00cqh29e2077zt3y","Crystal Palace","cmuihw3f20bocsexplfkk7wak","Jackson Izquierdo",0,"2004-10-15",21,"Young age (21) <= 21","left_league","Crawley Town","","2026-07-01","true","https://www.transfermarkt.com/jackson-izquierdo/profil/spieler/920005","high","Joined Crawley Town on a free transfer in July 2026 following departure from Palace."
"cmuihq4bo006fh29ef9sfod5p","Everton FC","cmuihw3fb0bv1sexpfya6b2ts","Adam Aznou",6000000,"2006-06-02",20,"Young age (20) <= 21","on_loan_out","","Málaga CF","2026-08-01","true","https://www.transfermarkt.com/adam-aznou/profil/spieler/938146","high","Contracted to Everton until 2029; on season-long loan at Málaga CF for 2026/27."
"cmuihq4bo006fh29ef9sfod5p","Everton FC","cmuihvzwu082ksexpkmi7f97w","Nathan Patterson",10000000,"2001-10-16",24,"High market value (EUR 10,000,000) >= 10M","left_league","Torino FC","","2026-09-01","true","https://www.transfermarkt.com/nathan-patterson/profil/spieler/424015","high","Transferred permanently to Torino FC (Serie A) on September 1, 2026."
"cmuihqfqr00cqh29e2077zt3y","Crystal Palace","cmuihw1em09k5sexpvvvnin7w","Dwight McNeil",18000000,"1999-11-22",26,"High market value (EUR 18,000,000) >= 10M","transferred_within_file","Crystal Palace","","2026-08-11","true","https://www.transfermarkt.com/dwight-mcneil/profil/spieler/584769","high","Completed permanent transfer from Everton to Crystal Palace on August 11, 2026."
"cmuihq4bo006fh29ef9sfod5p","Everton FC","cmuihw23v09n8sexpk9amd02x","Beto",18000000,"1998-01-31",28,"High market value (EUR 18,000,000) >= 10M","left_league","ACF Fiorentina","","2026-09-01","true","https://www.transfermarkt.com/beto/profil/spieler/595809","high","Completed permanent transfer to ACF Fiorentina on September 1, 2026 for €18m."
"cmuihq4bo006fh29ef9sfod5p","Everton FC","cmuihw2q50axssexp3i0oroz4","Carlos Alcaraz",15000000,"2002-11-30",23,"High market value (EUR 15,000,000) >= 10M","confirmed_same_club","","","","true","https://www.transfermarkt.com/carlos-alcaraz/profil/spieler/748319","high","Confirmed at Everton FC; central midfielder in first-team squad."
"cmuihq4bo006fh29ef9sfod5p","Everton FC","cmuihw43t0cabsexprazi81lg","Callum Bates",0,"2005-09-28",21,"Young age (21) <= 21","confirmed_same_club","","","","true","https://www.transfermarkt.com/callum-bates/profil/spieler/1018716","high","Confirmed at Everton FC; midfielder in Everton U21 contracted to 2027."
"cmuihqg9600cxh29echnkyx9e","Fulham FC","cmuihw2q30axmsexpd2dfzjtk","Alfie McNally",0,"2004-12-22",21,"Young age (21) <= 21","on_loan_out","","York City","2026-07-20","true","https://www.transfermarkt.com/alfie-mcnally/profil/spieler/747950","high","On season-long loan at York City from Fulham; contracted to Fulham until 2028."
"cmuihqg9600cxh29echnkyx9e","Fulham FC","cmuihw3ef0b6ysexpld80kah0","Luke Harris",900000,"2005-03-04",21,"Young age (21) <= 21","on_loan_out","","Wigan Athletic","2026-08-21","true","https://www.transfermarkt.com/luke-harris/profil/spieler/817612","high","On loan at Wigan Athletic from Fulham for 2026/27; contracted to Fulham until 2027."
"cmuihq56p006vh29efww9bqgh","Hull City","cmunpe1oh000xqkd34hh1964e","Christos Mouzakitis",25000000,"2006-12-25",19,"High market value (EUR 25,000,000) and young age (19)","confirmed_same_club","","","","true","https://www.transfermarkt.com/christos-mouzakitis/profil/spieler/964426","high","Confirmed at Hull City; first-team central midfielder."
"cmuihq56p006vh29efww9bqgh","Hull City","cmuihw24509v1sexpc0523j1p","Tyler Morton",30000000,"2002-10-31",23,"High market value (EUR 30,000,000) >= 10M","left_league","Olympique Lyon","","2025-08-05","true","https://www.transfermarkt.com/tyler-morton/profil/spieler/618494","high","Transferred permanently to Olympique Lyon; former loan spell at Hull City expired."
"cmuihq8hv008ph29ejwdrv7xd","Leeds United","cmuihw24909y8sexpt3k55pn3","Wilfried Gnonto",16000000,"2003-11-05",22,"High market value (EUR 16,000,000) >= 10M","on_loan_out","","ACF Fiorentina","2026-07-25","true","https://www.transfermarkt.com/wilfried-gnonto/profil/spieler/627626","high","On loan at ACF Fiorentina from Leeds United; contract at Leeds runs to 2028."
"cmuihq8hv008ph29ejwdrv7xd","Leeds United","cmuihvzvp07d5sexpj8xf70p9","Joël Piroe",10000000,"1999-08-02",27,"High market value (EUR 10,000,000) >= 10M","on_loan_out","","West Ham United","2026-08-19","true","https://www.transfermarkt.com/joel-piroe/profil/spieler/369962","high","On loan at West Ham United from Leeds United for 2026/27; contract runs to 2027."
"cmuihq5k0006zh29erp4cykkk","Liverpool FC","cmuihw0it085osexput721p1b","Curtis Jones",35000000,"2001-01-30",25,"High market value (EUR 35,000,000) >= 10M","left_league","Inter Milan","","2026-07-15","true","https://www.transfermarkt.com/curtis-jones/profil/spieler/433188","high","Completed permanent transfer to Inter Milan in July 2026."
"cmuihq5k0006zh29erp4cykkk","Liverpool FC","cmuihw3eq0bf0sexpzo6aq252","Stefan Bajcetic",4000000,"2004-10-22",21,"Young age (21) <= 21","left_league","Celta Vigo","","2026-08-31","true","https://www.transfermarkt.com/stefan-bajcetic/profil/spieler/864799","high","Completed permanent transfer to Celta Vigo on August 31, 2026."
"cmuihq5k0006zh29erp4cykkk","Liverpool FC","cmuihw3fe0bxcsexpeb82ym8t","Michael Laffey",0,"2005-10-11",20,"Young age (20) <= 21","confirmed_same_club","","","","true","https://www.transfermarkt.com/michael-laffey/profil/spieler/947407","high","Confirmed at Liverpool FC; central midfielder in Liverpool U21 squad."
"cmuihq5k0006zh29erp4cykkk","Liverpool FC","cmuihw44d0cpbsexp92cim43f","Amara Nallo",1000000,"2006-11-18",19,"Young age (19) <= 21","on_loan_out","","HJK Helsinki","2026-07-10","true","https://www.transfermarkt.com/amara-nallo/profil/spieler/1108049","high","On loan at HJK Helsinki for 2026/27 season from Liverpool FC."
"cmuihq5k0006zh29erp4cykkk","Liverpool FC","cmuihw1dd09ddsexp91i1kapk","Harvey Elliott",20000000,"2003-04-04",23,"High market value (EUR 20,000,000) >= 10M","on_loan_out","","Valencia CF","2026-08-15","true","https://www.transfermarkt.com/harvey-elliott/profil/spieler/565822","high","On season-long loan at Valencia CF in La Liga for 2026/27 from Liverpool."
"cmuihq5k0006zh29erp4cykkk","Liverpool FC","cmuihw2px0asvsexposua05vs","Kaide Gordon",1200000,"2004-10-05",21,"Young age (21) <= 21","confirmed_same_club","","","","true","https://www.transfermarkt.com/kaide-gordon/profil/spieler/732119","high","Confirmed at Liverpool FC; winger in Liverpool U21 squad."
"cmuihq5k0006zh29erp4cykkk","Liverpool FC","cmuihw3f80bsbsexpejaetk2o","Ármin Pécsi",0,"2005-02-24",21,"Young age (21) <= 21","on_loan_out","","TSV Hartberg","2026-07-15","true","https://www.transfermarkt.com/armin-pecsi/profil/spieler/933215","high","On loan at Austrian club TSV Hartberg; contracted to Liverpool to 2030."
"cmuihq5k0006zh29erp4cykkk","Liverpool FC","cmuihw3fb0bvhsexp57h8f53e","Jayden Danns",800000,"2006-01-16",20,"Young age (20) <= 21","confirmed_same_club","","","","true","https://www.transfermarkt.com/jayden-danns/profil/spieler/939290","high","Confirmed at Liverpool FC; striker in Liverpool U21 squad."
"cmuihq3vs0069h29ebm5xqhye","Manchester City","cmuihvxfp04e7sexpuxl5r6dm","Nathan Aké",12000000,"1995-02-18",31,"High market value (EUR 12,000,000) >= 10M","left_league","Fenerbahçe","","2026-07-15","true","https://www.transfermarkt.com/nathan-ake/profil/spieler/177476","high","Transferred permanently to Fenerbahçe in July 2026 for €8.1m."
"cmuihq3vs0069h29ebm5xqhye","Manchester City","cmuihw3ek0bbasexpm5jfxo1v","Max Alleyne",8000000,"2005-07-21",21,"Young age (21) <= 21","on_loan_out","","Burnley FC","2026-08-10","true","https://www.transfermarkt.com/max-alleyne/profil/spieler/843595","high","On season-long loan at Burnley FC (Championship) from Manchester City."
"cmuihq3vs0069h29ebm5xqhye","Manchester City","cmuihw0jk08eisexplqpqf0t0","Tijjani Reijnders",50000000,"1998-07-29",28,"High market value (EUR 50,000,000) >= 10M","left_league","Al-Qadsiah","","2026-08-05","true","https://www.transfermarkt.com/tijjani-reijnders/profil/spieler/460939","high","Completed permanent transfer to Al-Qadsiah in August 2026 for €61m."
"cmuihq3vs0069h29ebm5xqhye","Manchester City","cmuihw24809wrsexpkfdthel9","Iliman Ndiaye",55000000,"2000-03-06",26,"High market value (EUR 55,000,000) >= 10M","confirmed_same_club","","","2026-09-01","true","https://www.transfermarkt.com/iliman-ndiaye/profil/spieler/623570","high","Joined Manchester City on September 1, 2026 for €70m; confirmed first-team attacker."
"cmuihpzs8003vh29eyrxt8nk5","Tottenham Hotspur","cmuihw2q00avtsexppurxa90p","Savinho",35000000,"2004-04-10",22,"High market value (EUR 35,000,000) >= 10M","transferred_within_file","Tottenham Hotspur","","2026-08-25","true","https://www.transfermarkt.com/savinho/profil/spieler/743591","high","Transferred from Manchester City to Tottenham Hotspur on August 25, 2026 for £85m."
"cmuihq3vs0069h29ebm5xqhye","Manchester City","cmuihw3ez0bmlsexpk658e1si","Sverre Nypan",13000000,"2006-12-19",19,"High market value (EUR 13,000,000) and young age (19)","on_loan_out","","Lommel SK","2026-08-01","true","https://www.transfermarkt.com/sverre-nypan/profil/spieler/911736","high","On loan at Lommel SK (Belgian Pro League) for 2026/27 from Manchester City."
"cmuihqgxr00ddh29e8cr2u808","Manchester United","cmuihw3ez0bmjsexp6zsi8vz8","Tyler Fredricson",3000000,"2005-02-23",21,"Young age (21) <= 21","left_league","FC Lausanne-Sport","","2026-07-01","true","https://www.transfermarkt.com/tyler-fredricson/profil/spieler/911424","high","Transferred to Swiss Super League side FC Lausanne-Sport in summer 2026."
"cmuihqgxr00ddh29e8cr2u808","Manchester United","cmuihw43w0ccssexps464mf3j","Chido Obi",5000000,"2007-11-29",18,"Young age (18) <= 21","on_loan_out","","Willem II Tilburg","2026-08-15","true","https://www.transfermarkt.com/chido-obi/profil/spieler/1042886","high","On season-long loan at Willem II Tilburg (Eredivisie) for 2026/27 from Manchester United."
"cmuihqgxr00ddh29e8cr2u808","Manchester United","cmuihw4rt0d38sexph1ji3lo9","Diego León",4000000,"2007-04-03",19,"Young age (19) <= 21","confirmed_same_club","","","","true","https://www.transfermarkt.com/diego-leon/profil/spieler/1283997","high","Confirmed at Manchester United; left-back in Manchester United U21 under contract to 2029."
"cmuihqepp00c5h29e6dizfj3r","Newcastle United","cmuihvzb306wisexpse9wl683","Joe Willock",14000000,"1999-08-20",27,"High market value (EUR 14,000,000) >= 10M","confirmed_same_club","","","","true","https://www.transfermarkt.com/joe-willock/profil/spieler/340329","high","Confirmed at Newcastle United; central midfielder in first-team squad."
"cmuihqepp00c5h29e6dizfj3r","Newcastle United","cmuihw43t0cajsexpq6rn0hxx","Aidan Harris",200000,"2006-12-16",19,"Young age (19) <= 21","confirmed_same_club","","","","true","https://www.transfermarkt.com/aidan-harris/profil/spieler/1019170","high","Confirmed at Newcastle United; goalkeeper in Newcastle U21 squad."
"cmuihqepp00c5h29e6dizfj3r","Newcastle United","cmuihw0ka08t0sexpue1ce09w","Tino Livramento",45000000,"2002-11-12",23,"High market value (EUR 45,000,000) >= 10M","confirmed_same_club","","","","true","https://www.transfermarkt.com/tino-livramento/profil/spieler/503981","high","Confirmed at Newcastle United; regular starting right-back."
"cmuihqepp00c5h29e6dizfj3r","Newcastle United","cmuihw43t0caisexpscqsayus","Adam Harrison",100000,"2006-10-20",19,"Young age (19) <= 21","left_league","Wolverhampton Wanderers U21","","2026-08-01","true","https://www.transfermarkt.com/adam-harrison/profil/spieler/1019169","high","Departed Newcastle United on free transfer in August 2026 to join Wolves U21."
"cmuihqdq000bkh29et7iwzrfd","Nottingham Forest","cmuihw24o0aacsexpxvaefmxn","Ben Hammond",0,"2004-10-02",21,"Young age (21) <= 21","left_league","Boston United","","2026-07-01","true","https://www.transfermarkt.com/ben-hammond/profil/spieler/667498","high","Joined Boston United on a free transfer in July 2026 after leaving Forest."
"cmuihqdq000bkh29et7iwzrfd","Nottingham Forest","cmuihw3f30bpksexpdo28kxmn","Jack Thompson",0,"2005-05-05",21,"Young age (21) <= 21","released","","","2026-07-01","true","https://www.transfermarkt.com/jack-thompson/profil/spieler/925093","high","Released by Nottingham Forest upon expiry of contract on July 1, 2026."
"cmuihqdq000bkh29et7iwzrfd","Nottingham Forest","cmuihw24s0ad3sexp360xfzfm","Morato",14000000,"2001-06-30",25,"High market value (EUR 14,000,000) >= 10M","on_loan_out","","West Ham United","2026-08-20","true","https://www.transfermarkt.com/morato/profil/spieler/673492","high","On loan at West Ham United from Nottingham Forest; contracted to Forest until 2029."
"cmuihqdq000bkh29et7iwzrfd","Nottingham Forest","cmuihw43o0c6gsexp9lyrvy4x","Keehan Willows",0,"2005-10-01",20,"Young age (20) <= 21","confirmed_same_club","","","","true","https://www.transfermarkt.com/keehan-willows/profil/spieler/994594","high","Confirmed at Nottingham Forest; goalkeeper in Nottingham Forest U21."
"cmuihq47i006bh29e3kejf8oh","Sunderland AFC","cmuihw3fa0buosexpy22z1wir","Harrison Jones",150000,"2004-12-25",21,"Young age (21) <= 21","left_league","Peterborough United","","2026-06-18","true","https://www.transfermarkt.com/harrison-jones/profil/spieler/937840","high","Joined Peterborough United on June 18, 2026 for an undisclosed fee."
"cmuihq47i006bh29e3kejf8oh","Sunderland AFC","cmuihw43g0c15sexpjzcvyrj0","Eliezer Mayenda",16000000,"2005-05-08",21,"High market value (EUR 16,000,000) and young age (21)","left_league","Stade Rennais FC","","2026-07-20","true","https://www.transfermarkt.com/eliezer-mayenda/profil/spieler/967346","high","Transferred to Stade Rennais in July 2026 for a reported fee of £21.5m (€22m)."
"cmuihq47i006bh29e3kejf8oh","Sunderland AFC","cmuihw24l0a7psexpg8yiw4co","Simon Adingra",22000000,"2002-01-01",24,"High market value (EUR 22,000,000) >= 10M","on_loan_out","","Ajax","2026-09-02","true","https://www.transfermarkt.com/simon-adingra/profil/spieler/658536","high","On loan at Ajax Amsterdam from Sunderland; contracted to Sunderland to 2030."
"cmuihq47i006bh29e3kejf8oh","Sunderland AFC","cmuihw4490cljsexpzx9qmhc4","Timur Tuterov",0,"2005-06-11",21,"Young age (21) <= 21","confirmed_same_club","","","","true","https://www.transfermarkt.com/timur-tuterov/profil/spieler/1079078","high","Confirmed at Sunderland AFC; winger in Sunderland U21 squad."
"cmuihq47i006bh29e3kejf8oh","Sunderland AFC","cmuihw3f20bossexp0tx1r70j","Ben Middlemas",0,"2004-12-13",21,"Young age (21) <= 21","left_league","Swindon Town","","2026-01-15","true","https://www.transfermarkt.com/ben-middlemas/profil/spieler/922463","high","Transferred permanently to Swindon Town in January 2026."
"cmuihq47i006bh29e3kejf8oh","Sunderland AFC","cmuihw4rw0d57sexp7wx2eela","Jocelin Ta Bi",2500000,"2005-02-09",21,"Young age (21) <= 21","confirmed_same_club","","","","true","https://www.transfermarkt.com/jocelin-ta-bi/profil/spieler/1322090","high","Confirmed at Sunderland AFC; right winger in first-team squad."
"cmuihpzs8003vh29eyrxt8nk5","Tottenham Hotspur","cmuihvyqu064ksexp6ttb66ol","Guglielmo Vicario",18000000,"1996-10-07",29,"High market value (EUR 18,000,000) >= 10M","on_loan_out","","Juventus FC","2026-08-15","true","https://www.transfermarkt.com/guglielmo-vicario/profil/spieler/286047","high","On season-long loan at Juventus FC (Serie A) from Tottenham Hotspur."
"cmuihpzs8003vh29eyrxt8nk5","Tottenham Hotspur","cmuihvzbi0776sexp57a41jij","Cristian Romero",45000000,"1998-04-27",28,"High market value (EUR 45,000,000) >= 10M","left_league","Atlético de Madrid","","2026-07-20","true","https://www.transfermarkt.com/cristian-romero/profil/spieler/355915","high","Transferred permanently to Atlético de Madrid in July 2026."
"cmuihpzs8003vh29eyrxt8nk5","Tottenham Hotspur","cmuihw0k208mqsexpa280gxoz","Djed Spence",30000000,"2000-08-09",26,"High market value (EUR 30,000,000) >= 10M","left_league","Inter Milan","","2026-08-10","true","https://www.transfermarkt.com/djed-spence/profil/spieler/483348","high","Completed permanent transfer to Inter Milan in August 2026."
"cmuihpzs8003vh29eyrxt8nk5","Tottenham Hotspur","cmuihw1dg09ewsexpvn4sq5qv","Radu Drăgușin",16000000,"2002-02-03",24,"High market value (EUR 16,000,000) >= 10M","on_loan_out","","ACF Fiorentina","2026-08-20","true","https://www.transfermarkt.com/radu-dragusin/profil/spieler/568559","high","On season-long loan at ACF Fiorentina from Tottenham Hotspur."
"cmuihpzs8003vh29eyrxt8nk5","Tottenham Hotspur","cmuihw1dg09eysexpet5m9lol","Pape Matar Sarr",30000000,"2002-09-14",24,"High market value (EUR 30,000,000) >= 10M","on_loan_out","","Juventus FC","2026-08-18","true","https://www.transfermarkt.com/pape-matar-sarr/profil/spieler/568693","high","On season-long loan at Juventus FC from Tottenham Hotspur for 2026/27."
"cmuihpzs8003vh29eyrxt8nk5","Tottenham Hotspur","cmuihw43x0cdvsexp3pa7ja9f","Yusuf Akhamrich",0,"2005-09-05",21,"Young age (21) <= 21","on_loan_out","","Leyton Orient","2026-07-11","true","https://www.transfermarkt.com/yusuf-akhamrich/profil/spieler/1047345","high","On loan at Leyton Orient from Tottenham U21 until June 2027; contract runs to 2028."
"cmuihpzs8003vh29eyrxt8nk5","Tottenham Hotspur","cmuihw3et0bh7sexp7u5xy2q2","Rio Kyerematen",0,"2005-06-09",21,"Young age (21) <= 21","confirmed_same_club","","","","true","https://www.transfermarkt.com/rio-kyerematen/profil/spieler/882172","high","Confirmed at Tottenham Hotspur; central midfielder in Tottenham U21."
"cmuihpzs8003vh29eyrxt8nk5","Tottenham Hotspur","cmuihw3eu0bi6sexppo7k8vr8","Luca Gunter",0,"2005-03-23",21,"Young age (21) <= 21","confirmed_same_club","","","","true","https://www.transfermarkt.com/luca-gunter/profil/spieler/888637","high","Confirmed at Tottenham Hotspur; goalkeeper in Tottenham U21 contracted to 2029."
"cmuihpzs8003vh29eyrxt8nk5","Tottenham Hotspur","cmuihw43j0c49sexp7kzw6j1g","Callum Olusesi",500000,"2007-03-11",19,"Young age (19) <= 21","confirmed_same_club","","","","true","https://www.transfermarkt.com/callum-olusesi/profil/spieler/985546","high","Confirmed at Tottenham Hotspur; contracted professional midfielder to 2029."