competition_key,club_name,titles
bundesliga,Bayern Munich,35
bundesliga,1. FC Nürnberg,9
bundesliga,Borussia Dortmund,8
bundesliga,FC Schalke 04,7
bundesliga,Hamburger SV,6
bundesliga,Borussia Mönchengladbach,5
bundesliga,VfB Stuttgart,5
bundesliga,1. FC Kaiserslautern,4
bundesliga,SV Werder Bremen,4
bundesliga,1. FC Köln,3
bundesliga,SpVgg Greuther Fürth,3
bundesliga,VfB Leipzig,3
bundesliga,Dresdner SC,2
bundesliga,Hannover 96,2
bundesliga,Hertha BSC,2
bundesliga,Viktoria 89 Berlin,2
bundesliga,Bayer 04 Leverkusen,1
bundesliga,Eintracht Braunschweig,1
bundesliga,Eintracht Frankfurt,1
bundesliga,Fortuna Düsseldorf,1
bundesliga,Freiburger FC,1
bundesliga,Holstein Kiel,1
bundesliga,Karlsruher FV,1
bundesliga,Phönix Karlsruhe,1
bundesliga,SC Rot-Weiß Essen,1
bundesliga,SK Rapid Wien,1
bundesliga,TSV 1860 München,1
bundesliga,Union 92 Berlin,1
bundesliga,VfL Wolfsburg,1
bundesliga,VfR Mannheim,1
