competition_key,season,reason
bundesliga,1903/04,Championship playoff annulled after protest by Karlsruher FV
bundesliga,1914/15,No official championship (First World War)
bundesliga,1915/16,No official championship (First World War)
bundesliga,1916/17,No official championship (First World War)
bundesliga,1917/18,No official championship (First World War)
bundesliga,1918/19,No official championship (First World War)
bundesliga,1921/22,Championship final abandoned and declined - title not awarded
bundesliga,1944/45,No official championship (Second World War)
bundesliga,1945/46,No official championship (Post-WWII aftermath)
bundesliga,1946/47,No official championship (Post-WWII aftermath)
