id,name,leagueCode,squadSize,totalMarketValue,lastSyncedAt
"cmuihq1er004rh29eo92kw3sx","1. Fußballclub Heidenheim 1846","L1",17,25600000,"2026-09-30T07:52:14.621Z"
"cmuihq50l006th29e3bm3uces","1.FC Köln","L1",29,156100000,"2026-09-30T14:36:37.499Z"
"cmuihq8i1008rh29ezyaa5yr4","1.FC Nuremberg","L1",1,5500000,"2026-09-30T07:52:14.621Z"
"cmuihqfy300cth29ewu9xjg4l","1.FC Union Berlin","L1",30,116275000,"2026-09-30T14:36:01.772Z"
"cmuihq84d008jh29e385ruvj0","1.FSV Mainz 05","L1",27,154700000,"2026-09-30T14:36:51.597Z"
"cmuihobjs001tb23fc3jhq4o2","AC Ajaccio","FR1",0,0,"2026-09-30T07:42:07.311Z"
"cmuihq9au0095h29edodu9may","AC Carpi","IT1",0,0,"2026-09-30T07:42:07.311Z"
"cmuihqb6900a7h29eb12tdj1t","AC Milan","IT1",28,448200000,"2026-09-30T14:34:14.830Z"
"cmuihq4hx006hh29enfwx58cb","AC Monza","IT1",31,99750000,"2026-09-30T14:33:31.089Z"
"cmuihq4x5006ph29envf37upx","Académica Coimbra","PO1",0,0,"2026-09-30T07:42:07.311Z"
"cmundu9bs0009zjoe6j4u149k","Académico Viseu FC","PO1",29,15600000,"2026-09-30T14:37:32.408Z"
"cmuihqa6q009nh29eeao6masx","ACF Fiorentina","IT1",25,311750000,"2026-09-30T16:47:03.426Z"
"cmuihop03002fb23ffjr299x3","ADO Den Haag","NL1",25,19000000,"2026-09-30T07:52:14.381Z"
"cmuihqh6y00dfh29eokvzxktp","AFC Bournemouth","GB1",29,574650000,"2026-09-30T16:47:03.049Z"
"cmuihq4bo006eh29ep1anor93","AJ Auxerre","FR1",31,85300000,"2026-09-30T14:35:45.554Z"
"cmuihqce400ath29e227zx42b","Ajax Amsterdam","NL1",11,65050000,"2026-09-30T16:47:14.137Z"
"cmuihqe6h00bth29em4im0ts0","Almere City FC","NL1",2,1800000,"2026-09-30T07:52:14.621Z"
"cmuihpyky0035h29e24p7d295","Amiens SC","FR1",2,3600000,"2026-09-30T07:52:14.621Z"
"cmuihpysp003bh29eh8ctgbgf","Angers SCO","FR1",22,63250000,"2026-09-30T14:35:15.925Z"
"cmuihnhh30009b23flam4oh4t","Arminia Bielefeld","L1",0,0,"2026-09-30T07:42:07.311Z"
"cmuiho5do001hb23froc57owj","Arsenal FC","GB1",24,1318000000,"2026-09-30T16:47:01.311Z"
"cmuihq0az0047h29ew2gfpbqj","AS Monaco","FR1",26,281650000,"2026-09-30T14:35:30.814Z"
"cmuihoetk001zb23fbqyfc76d","AS Nancy-Lorraine","FR1",1,0,"2026-09-30T07:52:14.621Z"
"cmuihqcoa00avh29e3iihwtwm","AS Saint-Étienne","FR1",2,13800000,"2026-09-30T07:52:14.621Z"
"cmuihoj9l0025b23fj4mplye4","Associazione Sportiva Roma","IT1",25,476100000,"2026-09-30T14:33:42.195Z"
"cmuihq8vi008xh29edz4vg4xw","Aston Villa","GB1",27,547300000,"2026-09-30T16:47:02.352Z"
"cmuihqf7m00ceh29eo8vo509b","Atalanta BC","IT1",25,431850000,"2026-09-30T14:34:10.551Z"
"cmuihqcpi00azh29e0ihjlfsq","Athletic Bilbao","ES1",26,231700000,"2026-09-30T14:32:47.078Z"
"cmuihotfm002nb23fe7004xbm","Atlético de Madrid","ES1",25,674700000,"2026-09-30T14:32:20.932Z"
"cmuiho6da001jb23f3qutfjx0","Avs Futebol","PO1",15,6800000,"2026-09-30T07:52:14.621Z"
"cmuiho33d001db23ffg0co70a","AZ Alkmaar","NL1",32,144400000,"2026-09-30T07:52:14.621Z"
"cmuihq2vu005nh29em0pyeoio","B SAD","PO1",0,0,"2026-09-30T07:42:07.311Z"
"cmuihpzti003xh29ejh2oa78u","Bayer 04 Leverkusen","L1",28,480950000,"2026-09-30T14:36:17.812Z"
"cmuihq3qa0061h29eyxx4xw43","Bayern Munich","L1",23,1007500000,"2026-09-30T14:36:28.564Z"
"cmuihq9km009dh29epnedyu62","Benevento Calcio","IT1",0,0,"2026-09-30T07:42:07.311Z"
"cmuihq3ae005rh29eyj9ktf72","Boavista FC","PO1",0,0,"2026-09-30T07:42:07.311Z"
"cmuihnmx8000jb23fowusi2kw","Bologna Football Club 1909","IT1",27,206750000,"2026-09-30T14:33:38.894Z"
"cmuihq09e0045h29ednnt1hkq","Borussia Dortmund","L1",30,559450000,"2026-09-30T16:47:15.911Z"
"cmuihq0qz004fh29e00fpn7fy","Borussia Mönchengladbach","L1",30,138550000,"2026-09-30T14:36:41.820Z"
"cmuihocpq001vb23fu3cm5yh8","Brentford FC","GB1",28,579000000,"2026-09-30T16:47:04.313Z"
"cmuihq0x0004jh29eu144qiym","Brescia Calcio","IT1",0,0,"2026-09-30T07:42:07.311Z"
"cmuihomne002bb23fq0sdhdrm","Brighton & Hove Albion","GB1",30,595900000,"2026-09-30T16:47:05.355Z"
"cmuihoaiv001rb23fn6cviuyz","Burnley FC","GB1",25,125850000,"2026-09-30T16:47:12.015Z"
"cmuihq61m0079h29efscx2qh5","CA Osasuna","ES1",24,78100000,"2026-09-30T14:32:17.628Z"
"cmuihq3dw005yh29eacylgkht","Cádiz CF","ES1",1,1200000,"2026-09-30T07:52:14.621Z"
"cmuihpy660033h29egvkno1rw","Cagliari Calcio","IT1",30,115350000,"2026-09-30T14:33:46.260Z"
"cmuihqc7i00aph29ecgg0cwm6","Cardiff City","GB1",2,3000000,"2026-09-30T07:52:14.621Z"
"cmuihq5nq0073h29e11xogoc5","Casa Pia AC","PO1",29,28000000,"2026-09-30T14:38:15.957Z"
"cmuihq0ga0049h29ec4y079zq","Catania FC","IT1",0,0,"2026-09-30T07:42:07.311Z"
"cmuihq6i4007jh29evh1h2skm","CD Feirense","PO1",0,0,"2026-09-30T07:42:07.311Z"
"cmuihonz1002db23fh4pcz91g","CD Leganés","ES1",2,2600000,"2026-09-30T07:52:14.621Z"
"cmuihqgr500d7h29e04mjd6zg","CD Nacional","PO1",33,21900000,"2026-09-30T14:37:13.219Z"
"cmuihq2dd005bh29e4dnqmt8q","CD Santa Clara","PO1",25,19800000,"2026-09-30T14:38:00.505Z"
"cmuihqe6c00bph29e8vcrprk6","CD Tondela","PO1",13,2150000,"2026-09-30T07:52:14.621Z"
"cmuihqg9e00czh29eqgxwp7l7","Celta de Vigo","ES1",25,172600000,"2026-09-30T14:32:54.146Z"
"cmuihpzab003jh29ezh4ntcbi","Cesena FC","IT1",3,3100000,"2026-09-30T07:52:14.621Z"
"cmuihq2sq005hh29en9069nxw","CF Estrela Amadora","PO1",30,25650000,"2026-09-30T14:37:41.569Z"
"cmuihqdp200bhh29ewzc2djbm","CF Os Belenenses","PO1",0,0,"2026-09-30T07:42:07.311Z"
"cmuihqgoo00d5h29erue46a2e","CF União Madeira (-2021)","PO1",0,0,"2026-09-30T07:42:07.311Z"
"cmuihqcpo00b1h29edf8q9ksb","Chelsea FC","GB1",27,1076700000,"2026-09-30T16:47:05.731Z"
"cmuihqfqr00crh29egp8c4mki","Chievo Verona","IT1",0,0,"2026-09-30T07:42:07.311Z"
"cmuihq72x007xh29egwxgh5ew","Clermont Foot 63","FR1",0,0,"2026-09-30T07:42:07.311Z"
"cmuihntg0000vb23fquzb7c6q","Como 1907","IT1",27,511650000,"2026-09-30T16:47:06.122Z"
"cmuihqhaj00dhh29edk87lbfa","Córdoba CF","ES1",1,800000,"2026-09-30T07:52:14.621Z"
"cmundu5xu0001zjoe1l91im6d","Coventry City","GB1",29,296700000,"2026-09-30T14:32:05.912Z"
"cmuihqfqr00cqh29e2077zt3y","Crystal Palace","GB1",28,569200000,"2026-09-30T16:47:08.934Z"
"cmuihovp7002rb23fxfslsjdn","CS Marítimo","PO1",30,11900000,"2026-09-30T14:37:26.057Z"
"cmuihqd5p00b5h29e40wbqrof","De Graafschap Doetinchem","NL1",0,0,"2026-09-30T07:42:07.311Z"
"cmuihq4iy006jh29ei3bt4vza","Delfino Pescara 1936","IT1",0,0,"2026-09-30T07:42:07.311Z"
"cmuiho7e5001lb23fhy6pl2ep","Deportivo Alavés","ES1",24,67500000,"2026-09-30T14:33:15.092Z"
"cmuihqg6y00cvh29elaxzcvzv","Deportivo de La Coruña","ES1",27,101075000,"2026-09-30T14:32:43.479Z"
"cmuihq6fj007hh29eb8qj76l8","Desportivo Aves (- 2020)","PO1",0,0,"2026-09-30T07:42:07.311Z"
"cmuihq4t2006nh29euo57fz8e","Dijon FCO","FR1",0,0,"2026-09-30T07:42:07.311Z"
"cmuihqfme00clh29e8d851zq9","EA Guingamp","FR1",1,2000000,"2026-09-30T07:52:14.621Z"
"cmuihq1t4004xh29e0c33d2ng","Eintracht Braunschweig","L1",0,0,"2026-09-30T07:42:07.311Z"
"cmuihq2b80057h29e0r17uj2f","Eintracht Frankfurt","L1",26,282250000,"2026-09-30T14:36:32.246Z"
"cmuihq03y0041h29ezh2jdh2h","Elche CF","ES1",28,74500000,"2026-09-30T14:32:14.300Z"
"cmuiho49g001fb23fa7sw5ed8","ESTAC Troyes","FR1",28,40150000,"2026-09-30T14:35:41.168Z"
"cmuihq4bo006fh29ef9sfod5p","Everton FC","GB1",21,394100000,"2026-09-30T16:47:09.707Z"
"cmuihqf1z00c9h29ewetm83qg","Excelsior Rotterdam","NL1",11,5550000,"2026-09-30T07:52:14.621Z"
"cmuihq3b2005vh29e4cxx0zua","FC Alverca","PO1",34,40250000,"2026-09-30T14:37:53.721Z"
"cmuihqf7m00cfh29exy9mxhu8","FC Arouca","PO1",26,23400000,"2026-09-30T14:38:19.230Z"
"cmuihq0jy004bh29e4vb2kecf","FC Augsburg","L1",27,173000000,"2026-09-30T14:36:21.344Z"
"cmuihoy3o002vb23f8egwo6vd","FC Barcelona","ES1",27,1222600000,"2026-09-30T14:32:25.293Z"
"cmuihq9070090h29ekd594dp5","FC Crotone","IT1",0,0,"2026-09-30T07:42:07.311Z"
"cmuihpzoq003rh29eoclm8xbg","FC Dordrecht","NL1",2,625000,"2026-09-30T07:52:14.621Z"
"cmuihosak002lb23fgevhmls6","FC Emmen","NL1",1,25000,"2026-09-30T07:52:14.621Z"
"cmuihqeno00c1h29er7n02cyd","FC Empoli","IT1",1,300000,"2026-09-30T07:52:14.621Z"
"cmuihq66x007fh29elwopl3td","FC Famalicão","PO1",26,56750000,"2026-09-30T14:37:57.149Z"
"cmuihq8lz008th29ecl0s3xmn","FC Girondins Bordeaux","FR1",0,0,"2026-09-30T07:42:07.311Z"
"cmuihq181004ph29eat3v78na","FC Groningen","NL1",23,27225000,"2026-09-30T07:52:14.621Z"
"cmuihqb4e00a3h29en53se5uz","FC Ingolstadt 04","L1",0,0,"2026-09-30T07:42:07.311Z"
"cmuihodrf001xb23fkcn0k6ut","FC Lorient","FR1",26,88300000,"2026-09-30T14:35:04.775Z"
"cmuihq6mo007ph29enroholtq","FC Metz","FR1",22,34650000,"2026-09-30T07:52:14.621Z"
"cmuihqhd100djh29et2cb4bdz","FC Nantes","FR1",25,75800000,"2026-09-30T07:52:14.621Z"
"cmuihq4z0006rh29erpmdn79g","FC Paços de Ferreira","PO1",1,0,"2026-09-30T07:52:14.621Z"
"cmuihq65c007dh29ewuory6eb","FC Penafiel","PO1",0,0,"2026-09-30T07:42:07.311Z"
"cmuihqe6h00brh29ew01veugs","FC Porto","PO1",28,464800000,"2026-09-30T14:37:49.145Z"
"cmuihq5qq0075h29elabq5hjd","FC Schalke 04","L1",27,70925000,"2026-09-30T14:35:53.435Z"
"cmuihqepa00c3h29e547askj1","FC Sochaux-Montbéliard","FR1",2,100000,"2026-09-30T07:52:14.621Z"
"cmuihq6x2007rh29e66c1kcyw","FC St. Pauli","L1",27,46875000,"2026-09-30T07:52:14.621Z"
"cmuihq9dj0097h29elsved1su","FC Toulouse","FR1",24,102900000,"2026-09-30T14:35:08.222Z"
"cmuihq5k60071h29e42akmqnf","FC Twente Enschede","NL1",11,27350000,"2026-09-30T07:52:14.621Z"
"cmuihq181004nh29e2ib1sw4p","FC Utrecht","NL1",29,53850000,"2026-09-30T07:52:14.621Z"
"cmuihqdq000blh29e52yj6utu","FC Vizela","PO1",6,2950000,"2026-09-30T07:52:14.621Z"
"cmuihqe7t00bvh29em81ogfx5","FC Volendam","NL1",21,7300000,"2026-09-30T07:52:14.621Z"
"cmuihq1t5004zh29exb9q00c1","Feyenoord Rotterdam","NL1",28,196050000,"2026-09-30T07:52:14.621Z"
"cmuihq803008fh29e8p31ax3j","Fortuna Düsseldorf","L1",1,900000,"2026-09-30T07:52:14.621Z"
"cmuihq80t008hh29edci2vstb","Fortuna Sittardia Combinatie","NL1",16,6325000,"2026-09-30T07:52:14.621Z"
"cmuihqgcj00d1h29e5nz2aiov","Frosinone Calcio","IT1",30,62725000,"2026-09-30T14:34:18.812Z"
"cmuihqg9600cxh29echnkyx9e","Fulham FC","GB1",26,396800000,"2026-09-30T16:47:10.118Z"
"cmuihq61y007bh29e4xu4r2bi","GD Chaves","PO1",1,0,"2026-09-30T07:52:14.621Z"
"cmuihpzrk003th29ed2012pii","GD Estoril Praia","PO1",29,43750000,"2026-09-30T14:37:17.517Z"
"cmuihq3ak005th29eolz9qqct","Genoa CFC","IT1",33,165100000,"2026-09-30T14:33:59.067Z"
"cmuihq7jc0087h29e9nzoxp6q","Getafe CF","ES1",23,90000000,"2026-09-30T14:33:08.048Z"
"cmuihq74z007zh29eldq4axbw","GFC Ajaccio","FR1",0,0,"2026-09-30T07:42:07.311Z"
"cmuihq2ed005dh29erzb2qsjl","Gil Vicente FC","PO1",29,24150000,"2026-09-30T14:37:45.331Z"
"cmuiholli0029b23fvytgha8z","Girona FC","ES1",25,90950000,"2026-09-30T07:52:14.621Z"
"cmuihpzcq003nh29eowpx0ee9","Go Ahead Eagles","NL1",27,31275000,"2026-09-30T07:52:14.621Z"
"cmuihq0qk004dh29en5f3p8uq","Granada CF","ES1",3,4200000,"2026-09-30T07:52:14.621Z"
"cmuihq9070091h29ex9cb7wyt","Hamburger SV","L1",28,151200000,"2026-09-30T14:37:00.017Z"
"cmuihqa2m009jh29ewdia28fx","Hannover 96","L1",5,4100000,"2026-09-30T07:52:14.621Z"
"cmuihq3vs0067h29eym5on22u","Hellas Verona","IT1",23,33275000,"2026-09-30T07:52:14.621Z"
"cmuihowzw002tb23f16afl5ce","Heracles Almelo","NL1",22,7425000,"2026-09-30T07:52:14.621Z"
"cmuihqa8s009ph29eflpipwlt","Hertha BSC","L1",2,5000000,"2026-09-30T07:52:14.621Z"
"cmuihq3dw005zh29exe75pbai","Holstein Kiel","L1",3,8000000,"2026-09-30T07:52:14.621Z"
"cmuiho8i1001nb23femp89sf1","Huddersfield Town","GB1",1,500000,"2026-09-30T07:52:14.621Z"
"cmuihq56p006vh29efww9bqgh","Hull City","GB1",33,251900000,"2026-09-30T14:32:10.257Z"
"cmuihqald009th29eqj2x21un","Inter Milan","IT1",24,715300000,"2026-09-30T14:34:07.163Z"
"cmuihqdak00bdh29e51a0c9yd","Ipswich Town","GB1",28,330550000,"2026-09-30T14:32:02.182Z"
"cmuihqb7i00a9h29e7t17vakf","Juventus FC","IT1",29,594600000,"2026-09-30T16:47:14.942Z"
"cmuihqelr00bzh29ek4d30ziu","Le Havre AC","FR1",26,61425000,"2026-09-30T14:35:27.322Z"
"cmundu8pm0007zjoeofq74h3t","Le Mans FC","FR1",29,17850000,"2026-09-30T14:35:12.342Z"
"cmuihq8hv008ph29ejwdrv7xd","Leeds United","GB1",24,397550000,"2026-09-30T16:47:10.604Z"
"cmuihnjhl000db23fh1satlpq","Leicester City","GB1",5,12800000,"2026-09-30T16:47:04.670Z"
"cmuihq6me007nh29ezmai1c1u","Levante UD","ES1",24,86300000,"2026-09-30T14:33:01.092Z"
"cmuihq5k0006zh29erp4cykkk","Liverpool FC","GB1",29,1015000000,"2026-09-30T16:47:11.323Z"
"cmuihnzfj0017b23f7qeka8w7","LOSC Lille","FR1",26,237600000,"2026-09-30T14:35:37.434Z"
"cmuihnnx1000lb23fht7hd7yb","Luton Town","GB1",0,0,"2026-09-30T07:42:07.311Z"
"cmuiho0ii0019b23fvb7o5lmu","Málaga CF","ES1",28,56700000,"2026-09-30T16:47:09.310Z"
"cmuihq3vs0069h29ebm5xqhye","Manchester City","GB1",24,1402300000,"2026-09-30T16:47:12.485Z"
"cmuihqgxr00ddh29e8cr2u808","Manchester United","GB1",29,906000000,"2026-09-30T16:47:13.211Z"
"cmuihqcv300b3h29e7t29sr0a","Middlesbrough FC","GB1",5,41500000,"2026-09-30T07:52:14.621Z"
"cmuihqghq00d3h29ebzbu18q6","Montpellier HSC","FR1",1,2000000,"2026-09-30T07:52:14.621Z"
"cmuihqgut00dbh29eg5w6uzl6","Moreirense FC","PO1",27,20400000,"2026-09-30T14:38:11.932Z"
"cmuihoz43002xb23fc6h6d1f2","NAC Breda","NL1",23,9625000,"2026-09-30T07:52:14.621Z"
"cmuihqali009vh29e33t7l1kw","NEC Nijmegen","NL1",25,51225000,"2026-09-30T07:52:14.621Z"
"cmuihqepp00c5h29e6dizfj3r","Newcastle United","GB1",25,592100000,"2026-09-30T14:31:20.014Z"
"cmuihofvk0021b23fs81buumq","Nîmes Olympique","FR1",0,0,"2026-09-30T07:42:07.311Z"
"cmuiho9h8001pb23f5u3y4b9r","Norwich City","GB1",5,10900000,"2026-09-30T07:52:14.621Z"
"cmuihqdq000bkh29et7iwzrfd","Nottingham Forest","GB1",24,520500000,"2026-09-30T16:47:13.800Z"
"cmuihq9ie009bh29e4ay5p2yp","OGC Nice","FR1",29,144700000,"2026-09-30T14:34:53.685Z"
"cmuihnsd9000tb23f30w9l9tm","Olympique Lyon","FR1",29,242950000,"2026-09-30T14:34:57.680Z"
"cmuihq2sw005jh29e5ugg799e","Olympique Marseille","FR1",22,181150000,"2026-09-30T14:35:33.929Z"
"cmuihqagn009rh29eo37c8nju","Palermo FC","IT1",4,8400000,"2026-09-30T07:52:14.621Z"
"cmuihnihk000bb23fi54xeh0d","Paris FC","FR1",25,173200000,"2026-09-30T14:35:01.156Z"
"cmuihqbws00ajh29e1ujz5fht","Paris Saint-Germain","FR1",24,1352300000,"2026-09-30T14:34:46.374Z"
"cmuihouiw002pb23fjq3m9qng","Parma Calcio 1913","IT1",28,134275000,"2026-09-30T14:33:35.335Z"
"cmuihoq0l002hb23fy05xkd46","PEC Zwolle","NL1",22,14025000,"2026-09-30T07:52:14.621Z"
"cmuihq9qz009fh29erhvyqmi9","Pisa Sporting Club","IT1",16,26600000,"2026-09-30T07:52:14.621Z"
"cmuihqe7y00bxh29e7i49uk5c","Portimonense SC","PO1",0,0,"2026-09-30T07:42:07.311Z"
"cmuihq7yg008dh29eacwmi5po","PSV Eindhoven","NL1",25,231100000,"2026-09-30T07:52:14.621Z"
"cmuihnrcp000rb23fsw6lfab0","Queens Park Rangers","FR1",2,5800000,"2026-09-30T07:52:14.621Z"
"cmundu78o0003zjoefys30gje","Racing Santander","ES1",24,93600000,"2026-09-30T14:32:35.643Z"
"cmuihq7gc0083h29exnlti38f","Rayo Vallecano","ES1",27,86950000,"2026-09-30T14:32:50.883Z"
"cmuihq1z60055h29emzy2ewj7","RB Leipzig","L1",29,470950000,"2026-09-30T16:47:08.584Z"
"cmuihqfi000cjh29exp3khwxc","RC Lens","FR1",29,184900000,"2026-09-30T14:35:23.778Z"
"cmuihqd8900bbh29em5y4p2o4","RC Strasbourg Alsace","FR1",29,279750000,"2026-09-30T16:47:06.525Z"
"cmuihqdqh00bnh29e1s0pnnhq","RCD Espanyol Barcelona","ES1",25,123300000,"2026-09-30T14:33:04.512Z"
"cmuihq1xp0053h29euecr73cd","RCD Mallorca","ES1",24,66600000,"2026-09-30T07:52:14.621Z"
"cmuihnp20000nb23f74pw7rm7","Reading FC","GB1",0,0,"2026-09-30T07:42:07.311Z"
"cmuihpzzw003zh29esiigzvql","Real Betis Balompié","ES1",25,254600000,"2026-09-30T14:33:11.732Z"
"cmuihq9wg009hh29ermlar2c7","Real Madrid","ES1",27,1416500000,"2026-09-30T14:32:28.927Z"
"cmuihq2wf005ph29erkyba1oh","Real Oviedo","ES1",24,22100000,"2026-09-30T07:52:14.621Z"
"cmuihqdop00bfh29ezli7oevn","Real Sociedad","ES1",24,278300000,"2026-09-30T16:47:07.912Z"
"cmuihq7fa0081h29ebhxk7l18","Real Valladolid CF","ES1",2,2000000,"2026-09-30T07:52:14.621Z"
"cmuihpyso0039h29erp2zerb8","Real Zaragoza","ES1",1,3000000,"2026-09-30T07:52:14.621Z"
"cmuihq2g9005fh29e1fanj221","Rio Ave FC","PO1",34,33950000,"2026-09-30T14:37:37.429Z"
"cmuihq1wu0051h29ebbm0u57w","RKC Waalwijk","NL1",3,1175000,"2026-09-30T07:52:14.621Z"
"cmuihq0zp004lh29ejv5vyd62","Roda JC Kerkrade","NL1",0,0,"2026-09-30T07:42:07.311Z"
"cmuihqc6h00alh29exk6o44bx","SC Bastia","FR1",3,1100000,"2026-09-30T07:52:14.621Z"
"cmuihpzix003ph29eu6g7vvp4","SC Beira-Mar","PO1",0,0,"2026-09-30T07:42:07.311Z"
"cmuihnyer0015b23fholjonq1","SC Braga","PO1",27,136800000,"2026-09-30T14:37:21.812Z"
"cmuihpy3m002zh29ew56izgoh","SC Cambuur Leeuwarden","NL1",25,17000000,"2026-09-30T07:52:14.267Z"
"cmuihqa2r009lh29en6xx48mm","SC Farense","PO1",3,600000,"2026-09-30T07:52:14.621Z"
"cmuihqc7a00anh29ekc5foq1r","SC Freiburg","L1",27,211175000,"2026-09-30T14:37:04.564Z"
"cmuihq5gp006xh29ew3zgy2a2","SC Heerenveen","NL1",23,49075000,"2026-09-30T07:52:14.621Z"
"cmuihqayu00a1h29elur2pmhg","SC Olhanense","PO1",0,0,"2026-09-30T07:42:07.311Z"
"cmuihor87002jb23f3u8w2hsf","SC Paderborn 07","L1",32,41825000,"2026-09-30T14:36:09.651Z"
"cmuihpzab003lh29emxyfpwie","SC Telstar","NL1",20,6250000,"2026-09-30T07:52:14.621Z"
"cmuihq08w0043h29egzkdzd6y","SD Eibar","ES1",0,0,"2026-09-30T07:42:07.311Z"
"cmuihqbpz00afh29enbctia7l","SD Huesca","ES1",0,0,"2026-09-30T07:42:07.311Z"
"cmuihq7is0085h29ez260bgnc","Sevilla FC","ES1",26,166100000,"2026-09-30T14:32:57.709Z"
"cmuihq6yq007th29eswbnw486","Sheffield United","GB1",3,9700000,"2026-09-30T16:47:03.775Z"
"cmuihpy3z0031h29e7oejsjvo","Siena FC","IT1",0,0,"2026-09-30T07:42:07.311Z"
"cmuihq4q6006lh29eutf0qltf","SL Benfica","PO1",26,354000000,"2026-09-30T16:47:01.935Z"
"cmuihogya0023b23fzshzg8ck","SM Caen","FR1",1,2000000,"2026-09-30T07:52:14.621Z"
"cmuihq8em008nh29e1swv1hng","Società Sportiva Lazio S.p.A.","IT1",33,254400000,"2026-09-30T14:34:03.798Z"
"cmuihq0t3004hh29e03es83vu","Southampton FC","GB1",10,70600000,"2026-09-30T07:52:14.621Z"
"cmuihq3rq0063h29esz099d8a","SPAL","IT1",0,0,"2026-09-30T07:42:07.311Z"
"cmuihqaou009xh29ehzb7sgiz","Sparta Rotterdam","NL1",4,8600000,"2026-09-30T07:52:14.621Z"
"cmuihq722007vh29e4hj9hafh","Spezia Calcio","IT1",2,1500000,"2026-09-30T07:52:14.621Z"
"cmuihq6jo007lh29e9jpaabxs","Sporting CP","PO1",29,365900000,"2026-09-30T14:37:08.629Z"
"cmuihq2u3005lh29e5gxn4nx5","Sporting Gijón","ES1",1,800000,"2026-09-30T07:52:14.621Z"
"cmuihqd6n00b7h29elom4rtgi","SpVgg Greuther Fürth","L1",0,0,"2026-09-30T07:42:07.311Z"
"cmuihqcp500axh29eqi1p52xi","SSC Napoli","IT1",27,428700000,"2026-09-30T14:34:42.178Z"
"cmuihq8e9008lh29ed3170t61","Stade Brestois 29","FR1",23,62400000,"2026-09-30T14:35:19.427Z"
"cmuihpyvo003dh29e5d7h1ghc","Stade Reims","FR1",6,7700000,"2026-09-30T07:52:14.621Z"
"cmuihq3s40065h29eahz6rosv","Stade Rennais FC","FR1",26,223500000,"2026-09-30T14:34:49.907Z"
"cmuihqbom00abh29eeqdmk8ig","Stoke City","GB1",6,25500000,"2026-09-30T07:52:14.621Z"
"cmuihq47i006bh29e3kejf8oh","Sunderland AFC","GB1",28,411775000,"2026-09-30T16:47:14.599Z"
"cmundu7yx0005zjoeub3xwq73","SV 07 Elversberg","L1",27,42850000,"2026-09-30T14:36:05.414Z"
"cmuihnvft000zb23fya2aotkq","SV Darmstadt 98","L1",1,2500000,"2026-09-30T07:52:14.621Z"
"cmuihqfqk00cnh29e7bfyem85","SV Werder Bremen","L1",31,117075000,"2026-09-30T14:36:13.945Z"
"cmuihq1i0004vh29esvx8hsfu","Swansea City","GB1",6,36450000,"2026-09-30T07:52:14.621Z"
"cmuihpyrg0037h29eo6dzerc0","Thonon Évian Grand Genève FC","FR1",0,0,"2026-09-30T07:42:07.311Z"
"cmuihq9hw0099h29erttwt92h","Torino FC","IT1",29,163100000,"2026-09-30T14:34:26.287Z"
"cmuihpzs8003vh29eyrxt8nk5","Tottenham Hotspur","GB1",28,802000000,"2026-09-30T16:47:15.541Z"
"cmuihqbor00adh29elg30kgzn","TSG 1899 Hoffenheim","L1",27,277650000,"2026-09-30T14:36:25.522Z"
"cmuihnqce000pb23f6wjy67of","UC Sampdoria","IT1",0,0,"2026-09-30T07:42:07.311Z"
"cmuihq5y90077h29e4176i2we","UD Almería","ES1",3,7500000,"2026-09-30T07:52:14.621Z"
"cmuihqapi009zh29eee272hki","UD Las Palmas","ES1",0,0,"2026-09-30T07:42:07.311Z"
"cmuihq93e0093h29eq2t4j538","Udinese Calcio","IT1",28,149800000,"2026-09-30T14:34:22.477Z"
"cmuihq1hz004th29ed9g2kj1f","US Cremonese","IT1",12,20200000,"2026-09-30T07:52:14.621Z"
"cmuihnki5000fb23fj5zntsyp","US Lecce","IT1",33,80450000,"2026-09-30T14:34:34.107Z"
"cmuihokd70027b23fjd1scw0c","US Livorno 1915","IT1",0,0,"2026-09-30T07:42:07.311Z"
"cmuihq7x7008bh29e7i19izwq","US Salernitana 1919","IT1",0,0,"2026-09-30T07:42:07.311Z"
"cmuihqd7y00b9h29e7s5ob4n6","US Sassuolo","IT1",34,186100000,"2026-09-30T14:34:38.598Z"
"cmuihnufg000xb23fs4poj6rc","Valencia CF","ES1",29,151050000,"2026-09-30T16:47:11.672Z"
"cmuihpz2c003fh29e7y6n69yk","Valenciennes FC","FR1",0,0,"2026-09-30T07:42:07.311Z"
"cmuihqc8e00arh29e87zakfd6","Venezia FC","IT1",35,97675000,"2026-09-30T14:33:51.035Z"
"cmuihqeq600c7h29ej46szm8f","VfB Stuttgart","L1",30,376650000,"2026-09-30T14:36:56.077Z"
"cmuihqf5000cbh29enupp7oel","VfL Bochum","L1",2,1100000,"2026-09-30T07:52:14.621Z"
"cmuihqf7s00chh29ehfr98rx6","VfL Wolfsburg","L1",10,38800000,"2026-09-30T07:52:14.621Z"
"cmuihnwfv0011b23f8wv3zc51","Villarreal CF","ES1",24,320100000,"2026-09-30T14:33:18.677Z"
"cmuihqb5500a5h29ep9n1ujl9","Vitesse Arnhem","NL1",0,0,"2026-09-30T07:42:07.311Z"
"cmuihq2b80059h29ezwhg3ewt","Vitória Guimarães SC","PO1",30,51150000,"2026-09-30T14:38:04.323Z"
"cmuiho215001bb23fg4isufl0","Vitória Setúbal FC","PO1",0,0,"2026-09-30T07:42:07.311Z"
"cmuihpz8h003hh29evecsjr85","VVV-Venlo","NL1",1,100000,"2026-09-30T07:52:14.621Z"
"cmuihnlvh000hb23fzna6vhfo","Watford FC","GB1",4,9500000,"2026-09-30T07:52:14.621Z"
"cmuihqguc00d9h29erhgt5ztp","West Bromwich Albion","GB1",5,22750000,"2026-09-30T07:52:14.621Z"
"cmuihq7mj0089h29e0q3gm3nk","West Ham United","GB1",12,149500000,"2026-09-30T16:47:10.966Z"
"cmuihnxf60013b23f6brcfpcq","Wigan Athletic","GB1",3,3150000,"2026-09-30T16:47:02.685Z"
"cmuihq8us008vh29erfb05jp3","Willem II Tilburg","NL1",1,5000000,"2026-09-30T16:47:12.844Z"
"cmuihqbq700ahh29euibcxp0b","Wolverhampton Wanderers","GB1",12,104600000,"2026-09-30T07:52:14.621Z"
