playerId,fullName,transferTableClub,transferDate,fotmobDeclaredClub,conflictType,resolution
"cmuihw0it085qsexpo3tii9ja","Corrie Ndaba","Lecce","2025-07-27","US Lecce","TRANSFER_DESTINATION_MISMATCH","FotMob declared squad wins (US Lecce)"
"cmuihvvzg03ggsexp9ce0iae1","Michael Gregoritsch","Bröndby IF","2026-06-29","FC Augsburg","TRANSFER_DESTINATION_MISMATCH","FotMob declared squad wins (FC Augsburg)"
"cmuihvxfr04fqsexpb47x9esm","Gonçalo Paciência","Santa Clara","2026-01-26","CD Santa Clara","TRANSFER_DESTINATION_MISMATCH","FotMob declared squad wins (CD Santa Clara)"
"cmuihvxg604pvsexp50l4hiwb","Marvin Friedrich","Union Berlin","2026-06-30","1.FC Union Berlin","TRANSFER_DESTINATION_MISMATCH","FotMob declared squad wins (1.FC Union Berlin)"
"cmuihvxgh04xssexpc8d0usx2","Marko Pjaca","FC Twente","2025-09-01","FC Twente Enschede","TRANSFER_DESTINATION_MISMATCH","FotMob declared squad wins (FC Twente Enschede)"
"cmuihvzbi0773sexp4ongha72","Ko Itakura","Ajax","2025-08-07","Borussia Mönchengladbach","TRANSFER_DESTINATION_MISMATCH","FotMob declared squad wins (Borussia Mönchengladbach)"
"cmuihvzvs07eisexpbp2dadnx","Amine Harit","Marseille","2026-06-29","Olympique Marseille","TRANSFER_DESTINATION_MISMATCH","FotMob declared squad wins (Olympique Marseille)"
"cmuihw1bj08xusexp07ekcady","Malick Thiaw","Newcastle","2025-08-11","Newcastle United","TRANSFER_DESTINATION_MISMATCH","FotMob declared squad wins (Newcastle United)"
"cmuihvxg704rcsexpe4mnrja6","Chuba Akpom","Ajax","2026-06-29","Ipswich Town","TRANSFER_DESTINATION_MISMATCH","FotMob declared squad wins (Ipswich Town)"
"cmuihvy6505aysexpks3e6nyy","Andrew Robertson","Tottenham","2026-06-30","Tottenham Hotspur","TRANSFER_DESTINATION_MISMATCH","FotMob declared squad wins (Tottenham Hotspur)"
"cmuihw24h0a3lsexpo4u07nrp","Carl Rushworth","Brighton","2026-05-30","Coventry City","TRANSFER_DESTINATION_MISMATCH","FotMob declared squad wins (Coventry City)"
"cmuihw24509v1sexpc0523j1p","Tyler Morton","Lyon","2025-08-04","Olympique Lyon","TRANSFER_DESTINATION_MISMATCH","FotMob declared squad wins (Olympique Lyon)"
"cmuihw3fe0bxpsexpynyq9i52","Álvaro Rodríguez","Elche CF","2025-07-21","AFC Bournemouth","TRANSFER_DESTINATION_MISMATCH","FotMob declared squad wins (AFC Bournemouth)"
"cmuihvyqt063osexpxnjl0axh","Manuel Akanji","Inter","2026-06-30","Inter Milan","TRANSFER_DESTINATION_MISMATCH","FotMob declared squad wins (Inter Milan)"
"cmuihvyr906gxsexpej6bvjsq","Vito van Crooij","NEC Nijmegen","2026-06-29","Willem II Tilburg","TRANSFER_DESTINATION_MISMATCH","FotMob declared squad wins (Willem II Tilburg)"
"cmuihw0j7089ksexpw97k7fom","Javi Galán","CA Osasuna","2025-12-31","Celta de Vigo","TRANSFER_DESTINATION_MISMATCH","FotMob declared squad wins (Celta de Vigo)"
"cmuihw3f90bt9sexpzyhu00fv","Víctor Muñoz","CA Osasuna","2025-07-10","Liverpool FC","TRANSFER_DESTINATION_MISMATCH","FotMob declared squad wins (Liverpool FC)"
"cmuihvxft04gwsexpywhsdwpc","Seko Fofana","Stade Rennais","2026-06-29","FC Porto","TRANSFER_DESTINATION_MISMATCH","FotMob declared squad wins (FC Porto)"
"cmuihvyqo05yssexpuuu14pgo","Hans Hateboer","Stade Rennais","2026-06-29","FC Groningen","TRANSFER_DESTINATION_MISMATCH","FotMob declared squad wins (FC Groningen)"
"cmuihw4r90cu3sexpsbv322v0","Yassir Zabiri","Stade Rennais","2026-02-01","Racing Santander","TRANSFER_DESTINATION_MISMATCH","FotMob declared squad wins (Racing Santander)"
"cmuihvxg504pmsexp88le02ob","Florian Grillitsch","Braga","2025-08-28","Frosinone Calcio","TRANSFER_DESTINATION_MISMATCH","FotMob declared squad wins (Frosinone Calcio)"
"cmuihw1dg09eosexp7cmr0z2n","Javi López","Real Sociedad","2026-06-29","Feyenoord Rotterdam","TRANSFER_DESTINATION_MISMATCH","FotMob declared squad wins (Feyenoord Rotterdam)"
"cmuihw0jn08g0sexpz3wjti57","Willem Geubbels","Paris FC","2025-08-16","US Lecce","TRANSFER_DESTINATION_MISMATCH","FotMob declared squad wins (US Lecce)"
"cmuihvuy302f3sexp4l8z602u","Jordan Henderson","Brentford","2025-07-14","Chelsea FC","TRANSFER_DESTINATION_MISMATCH","FotMob declared squad wins (Chelsea FC)"
"cmuihvzws081csexp5ea0tthe","Frank Onyeka","Brentford","2026-05-30","Coventry City","TRANSFER_DESTINATION_MISMATCH","FotMob declared squad wins (Coventry City)"
"cmuihw1d709a9sexpl01no323","Romain Faivre","Bournemouth","2026-06-29","AJ Auxerre","TRANSFER_DESTINATION_MISMATCH","FotMob declared squad wins (AJ Auxerre)"
"cmuihw2pz0auosexpuxd857vv","Álex Jiménez","Bournemouth","2026-06-30","ACF Fiorentina","TRANSFER_DESTINATION_MISMATCH","FotMob declared squad wins (ACF Fiorentina)"
"cmuihw43v0cbzsexpdcgjpip7","Nobel Mendy","Rayo Vallecano","2026-06-30","Hull City","TRANSFER_DESTINATION_MISMATCH","FotMob declared squad wins (Hull City)"
"cmuihvzb006uisexp9qk8xyvx","Unai Núñez","Celta de Vigo","2026-06-29","RCD Espanyol Barcelona","TRANSFER_DESTINATION_MISMATCH","FotMob declared squad wins (RCD Espanyol Barcelona)"
"cmuihw24609v9sexpdrx4yn82","Manu Sánchez","Celta de Vigo","2026-06-29","Levante UD","TRANSFER_DESTINATION_MISMATCH","FotMob declared squad wins (Levante UD)"
"cmuihw43x0cdcsexpx2np7zpr","Artem Stepanov","Utrecht","2026-01-29","FC Utrecht","TRANSFER_DESTINATION_MISMATCH","FotMob declared squad wins (FC Utrecht)"
"cmuihw0j2087asexpfg5vrs4v","Sydney van Hooijdonk","Estrela Amadora","2026-01-28","PEC Zwolle","TRANSFER_DESTINATION_MISMATCH","FotMob declared squad wins (PEC Zwolle)"
"cmuihw44b0cnzsexpsvl5y632","Otávio","Estrela Amadora","2025-10-19","Paris FC","TRANSFER_DESTINATION_MISMATCH","FotMob declared squad wins (Paris FC)"
"cmuihw4rw0d5fsexpja1zpd3l","Rodrigo Rodrigues","Gil Vicente","2025-10-31","Sporting CP","TRANSFER_DESTINATION_MISMATCH","FotMob declared squad wins (Sporting CP)"
"cmuihw43v0cbtsexp14m58kgw","Oso","Sevilla FC","2025-12-31","RC Strasbourg Alsace","TRANSFER_DESTINATION_MISMATCH","FotMob declared squad wins (RC Strasbourg Alsace)"
"cmuihw0k808rjsexprylgh4j7","Adrià Pedrosa","Sevilla FC","2026-06-29","Rayo Vallecano","TRANSFER_DESTINATION_MISMATCH","FotMob declared squad wins (Rayo Vallecano)"
"cmuihw1ct094nsexpn292sopa","Timothée Pembélé","Sunderland","2026-06-29","Le Havre AC","TRANSFER_DESTINATION_MISMATCH","FotMob declared squad wins (Le Havre AC)"
"cmuihw24l0a7psexpg8yiw4co","Simon Adingra","Sunderland","2026-06-29","Ajax Amsterdam","TRANSFER_DESTINATION_MISMATCH","FotMob declared squad wins (Ajax Amsterdam)"
"cmuihvzwj07vwsexpp6ry2f6m","Jakub Kamiński","1.FC Köln","2026-06-30","SL Benfica","TRANSFER_DESTINATION_MISMATCH","FotMob declared squad wins (SL Benfica)"
"cmuihw2qd0b44sexp7rlb55h5","Mamadou Sangaré","Lens","2025-08-19","Brentford FC","TRANSFER_DESTINATION_MISMATCH","FotMob declared squad wins (Brentford FC)"
"cmuihw3f10bnxsexpqce70tnt","Rémy Labeau Lascary","Lens","2026-06-29","AJ Auxerre","TRANSFER_DESTINATION_MISMATCH","FotMob declared squad wins (AJ Auxerre)"
"cmuihvzb8070ssexperbxg4un","Sebastian Walukiewicz","Torino","2026-06-29","US Sassuolo","TRANSFER_DESTINATION_MISMATCH","FotMob declared squad wins (US Sassuolo)"
"cmuihw24309sysexpv4x5sr81","Calvin Twigt","Go Ahead Eagles","2026-06-29","Willem II Tilburg","TRANSFER_DESTINATION_MISMATCH","FotMob declared squad wins (Willem II Tilburg)"
"cmuihw2q80azysexpvr3hndsf","Ramón Terrats","Villarreal","2026-06-29","Getafe CF","TRANSFER_DESTINATION_MISMATCH","FotMob declared squad wins (Getafe CF)"
"cmuihw4r00cresexpk3qvw00h","Thiago Fernández","Villarreal","2026-06-29","Levante UD","TRANSFER_DESTINATION_MISMATCH","FotMob declared squad wins (Levante UD)"
"cmuihw43r0c8qsexpw7i46vva","Billy van Duijl","AZ Alkmaar","2025-08-03","SC Cambuur Leeuwarden","TRANSFER_DESTINATION_MISMATCH","FotMob declared squad wins (SC Cambuur Leeuwarden)"
"cmuihw2pw0as5sexpnzf65t65","Lequincio Zeefuik","AZ Alkmaar","2026-06-29","Fortuna Sittardia Combinatie","TRANSFER_DESTINATION_MISMATCH","FotMob declared squad wins (Fortuna Sittardia Combinatie)"
"cmuihw2qb0b2hsexpcov1xkrz","Isak Jensen","AZ Alkmaar","2025-07-14","FC Lorient","TRANSFER_DESTINATION_MISMATCH","FotMob declared squad wins (FC Lorient)"
"cmuihw43k0c54sexp1ro230ca","Kasper Boogaard","AZ Alkmaar","2026-01-11","Willem II Tilburg","TRANSFER_DESTINATION_MISMATCH","FotMob declared squad wins (Willem II Tilburg)"
"cmuihvyr306aysexpbg4y034s","Borna Sosa","Crystal Palace","2025-07-10","1.FC Köln","TRANSFER_DESTINATION_MISMATCH","FotMob declared squad wins (1.FC Köln)"
"cmuihw0js08iqsexppfs95c33","Brennan Johnson","Crystal Palace","2026-01-01","Everton FC","TRANSFER_DESTINATION_MISMATCH","FotMob declared squad wins (Everton FC)"
"cmuihvvzg03ggsexp9ce0iae1","Michael Gregoritsch","Augsburg / Brøndby IF","2026-06-29","SC Freiburg","TRANSFER_DESTINATION_MISMATCH","FotMob declared squad wins (SC Freiburg / Brøndby registered squad)"
"cmuihw24h0a3lsexpo4u07nrp","Carl Rushworth","Brighton & Hove Albion","2026-05-30","Coventry City","LOAN_STATUS_MISMATCH","FotMob declared squad wins (Coventry City matchday roster)"