clubName,clubId,shirtNumber,position,fullName,status,marketValueEur,playerId,transfermarktId
"Manchester City","cmuihq3vs0069h29ebm5xqhye","1","keeper_long","Gianluigi Donnarumma","first_team",45000000,"cmuihvyrc06jhsexpth4b1qdo","315858"
"Manchester City","cmuihq3vs0069h29ebm5xqhye","13","keeper_long","Marcus Bettinelli","first_team",300000,"cmuihvvyg03e7sexpz0mh1ojf","116648"
"Manchester City","cmuihq3vs0069h29ebm5xqhye","28","keeper_long","Gerónimo Rulli","first_team",6000000,"cmuihvy63058psexp5iw8bj2r","229604"
"Manchester City","cmuihq3vs0069h29ebm5xqhye","3","defender_long","Rúben Dias","first_team",55000000,"cmuihvy6q05qgsexpvjvra5xq","258004"
"Manchester City","cmuihq3vs0069h29ebm5xqhye","6","defender_long","Marc Guéhi","first_team",70000000,"cmuihvzw407nlsexptztq8avw","392757"
"Manchester City","cmuihq3vs0069h29ebm5xqhye","21","defender_long","Rayan Aït-Nouri","first_team",40000000,"cmuihw1do09htsexpz5r665kz","578391"
"Manchester City","cmuihq3vs0069h29ebm5xqhye","22","defender_long","Vitor Reis","first_team",30000000,"cmuihw43r0c8asexpdnd8thz1","1005575"
"Manchester City","cmuihq3vs0069h29ebm5xqhye","24","defender_long","Joško Gvardiol","first_team",70000000,"cmuihw0jw08k5sexpdeq9456v","475959"
"Manchester City","cmuihq3vs0069h29ebm5xqhye","27","defender_long","Matheus Nunes","first_team",50000000,"cmuihw23y09p4sexp3knh79vt","601883"
"Manchester City","cmuihq3vs0069h29ebm5xqhye","33","defender_long","Nico O'Reilly","first_team",70000000,"cmuihw2q00avdsexp4el30e4a","743413"
"Manchester City","cmuihq3vs0069h29ebm5xqhye","45","defender_long","Abdukodir Khusanov","first_team",50000000,"cmuihw2q60aycsexpnnu61y3d","763079"
"Manchester City","cmuihq3vs0069h29ebm5xqhye","82","defender_long","Rico Lewis","first_team",28000000,"cmuihw2pk0aj6sexp1o77glv5","701057"
"Manchester City","cmuihq3vs0069h29ebm5xqhye","97","defender_long","Josh Wilson-Esbrand","first_team",0,"FM_1187225","N/A"
"Manchester City","cmuihq3vs0069h29ebm5xqhye","5","midfielder_long","Elliot Anderson","first_team",110000000,"cmuihw1df09ebsexpenb5ofkr","567576"
"Manchester City","cmuihq3vs0069h29ebm5xqhye","8","midfielder_long","Mateo Kovačić","first_team",10000000,"cmuihvuxd021ysexpyi1g8wqt","51471"
"Manchester City","cmuihq3vs0069h29ebm5xqhye","10","midfielder_long","Rayan Cherki","first_team",90000000,"cmuihw24109r3sexp0v1db87r","607223"
"Manchester City","cmuihq3vs0069h29ebm5xqhye","17","midfielder_long","Enzo Fernández","first_team",100000000,"cmuihw24i0a4jsexpp3i9tqv4","648195"
"Manchester City","cmuihq3vs0069h29ebm5xqhye","32","midfielder_long","Ayyoub Bouaddi","first_team",50000000,"cmuihw44c0co7sexp82u7eq1j","1097139"
"Manchester City","cmuihq3vs0069h29ebm5xqhye","47","midfielder_long","Phil Foden","first_team",70000000,"cmuihvzwj07vksexpot90yeph","406635"
"Manchester City","cmuihq3vs0069h29ebm5xqhye","7","attacker_long","Iliman Ndiaye","first_team",55000000,"cmuihw24809wrsexpkfdthel9","623570"
"Manchester City","cmuihq3vs0069h29ebm5xqhye","9","attacker_long","Erling Haaland","first_team",220000000,"cmuihvzwq080asexpt1mi0uio","418560"
"Manchester City","cmuihq3vs0069h29ebm5xqhye","11","attacker_long","Jérémy Doku","first_team",75000000,"cmuihw0k408nvsexpwetcsskm","486049"
"Manchester City","cmuihq3vs0069h29ebm5xqhye","37","attacker_long","Allan","first_team",0,"FM_1721789","N/A"
"Manchester City","cmuihq3vs0069h29ebm5xqhye","42","attacker_long","Antoine Semenyo","first_team",80000000,"cmuihw1ej09jpsexpxhomtx4s","583255"
"Manchester City","cmuihq3vs0069h29ebm5xqhye","56","attacker_long","Ryan McAidoo","first_team",0,"cmuihw4rh0cyasexpqeyidjcy","1187640"
"Real Madrid","cmuihq9wg009hh29ermlar2c7","1","keeper_long","Thibaut Courtois","first_team",15000000,"cmuihvvwg03adsexp2n0pame5","108390"
"Real Madrid","cmuihq9wg009hh29ermlar2c7","13","keeper_long","Andriy Lunin","first_team",12000000,"cmuihvzwh07uisexpxb9u23qz","404839"
"Real Madrid","cmuihq9wg009hh29ermlar2c7","2","defender_long","Raúl Asencio","first_team",20000000,"cmuihw3f90btbsexptdmuh7v0","935245"
"Real Madrid","cmuihq9wg009hh29ermlar2c7","3","defender_long","Éder Militao","first_team",20000000,"cmuihvzwf07tgsexpquhw3ppq","401530"
"Real Madrid","cmuihq9wg009hh29ermlar2c7","4","defender_long","Dean Huijsen","first_team",60000000,"cmuihw3eu0bihsexpzhdpiqaj","890290"
"Real Madrid","cmuihq9wg009hh29ermlar2c7","12","defender_long","Trent Alexander-Arnold","first_team",60000000,"cmuihvyra06hwsexpl6ptfqbs","314353"
"Real Madrid","cmuihq9wg009hh29ermlar2c7","16","defender_long","Ibrahima Konaté","first_team",45000000,"cmuihvzbi077nsexpqrljo0za","357119"
"Real Madrid","cmuihq9wg009hh29ermlar2c7","17","defender_long","Marc Cucurella","first_team",50000000,"cmuihvyqt063xsexpykxnnplj","284857"
"Real Madrid","cmuihq9wg009hh29ermlar2c7","18","defender_long","Alvaro Carreras","first_team",50000000,"cmuihw2qf0b51sexpf7nimnzo","811778"
"Real Madrid","cmuihq9wg009hh29ermlar2c7","22","defender_long","Antonio Rüdiger","first_team",6000000,"cmuihvvvn02zjsexpprgt40nx","86202"
"Real Madrid","cmuihq9wg009hh29ermlar2c7","23","defender_long","Ferland Mendy","first_team",4000000,"cmuihvyqz069rsexpl1mn2lq8","291417"
"Real Madrid","cmuihq9wg009hh29ermlar2c7","24","defender_long","Denzel Dumfries","first_team",25000000,"cmuihvzan06m0sexpp59ts6kv","321528"
"Real Madrid","cmuihq9wg009hh29ermlar2c7","5","midfielder_long","Jude Bellingham","first_team",130000000,"cmuihw1dr09j3sexpvl49hpwq","581678"
"Real Madrid","cmuihq9wg009hh29ermlar2c7","6","midfielder_long","Eduardo Camavinga","first_team",50000000,"cmuihw24f0a2hsexp72wia2h8","640428"
"Real Madrid","cmuihq9wg009hh29ermlar2c7","8","midfielder_long","Federico Valverde","first_team",90000000,"cmuihvzvp07cpsexpvcef74il","369081"
"Real Madrid","cmuihq9wg009hh29ermlar2c7","14","midfielder_long","Aurélien Tchouaméni","first_team",70000000,"cmuihvzwm07ynsexp0mi1cyz0","413112"
"Real Madrid","cmuihq9wg009hh29ermlar2c7","15","midfielder_long","Arda Güler","first_team",90000000,"cmuihw3eq0beesexpr0ykz3ly","861410"
"Real Madrid","cmuihq9wg009hh29ermlar2c7","20","midfielder_long","Bernardo Silva","first_team",22000000,"cmuihvy6e05h6sexpky15f0wx","241641"
"Real Madrid","cmuihq9wg009hh29ermlar2c7","27","midfielder_long","Thiago Pitarch","first_team",20000000,"cmuihw4si0d6lsexpll1getk9","1375227"
"Real Madrid","cmuihq9wg009hh29ermlar2c7","29","midfielder_long","Jorge Cestero","first_team",7500000,"cmuihw4rg0cy1sexpsbeoumzp","1186235"
"Real Madrid","cmuihq9wg009hh29ermlar2c7","7","attacker_long","Vinícius Júnior","first_team",140000000,"cmuihvzvr07e5sexp3v7l6wbo","371998"
"Real Madrid","cmuihq9wg009hh29ermlar2c7","9","attacker_long","Endrick","first_team",40000000,"cmuihw43g0c1jsexpkfahslkp","971570"
"Real Madrid","cmuihq9wg009hh29ermlar2c7","10","attacker_long","Kylian Mbappé","first_team",200000000,"cmuihvzb606yssexpypfmciu8","342229"
"Real Madrid","cmuihq9wg009hh29ermlar2c7","11","attacker_long","Rodrygo","first_team",45000000,"cmuihvzwl07xqsexpl31z5mdy","412363"
"Real Madrid","cmuihq9wg009hh29ermlar2c7","19","attacker_long","Carlos Espí","first_team",20000000,"cmuihw4430chysexpewvi9ldh","1063338"
"Real Madrid","cmuihq9wg009hh29ermlar2c7","21","attacker_long","Brahim Díaz","first_team",35000000,"cmuihvyrb06i7sexpynvg0v3x","314678"
"Real Madrid","cmuihq9wg009hh29ermlar2c7","25","attacker_long","Yan Diomande","first_team",90000000,"cmuihw4ss0d6wsexpwdfjs85p","1390649"
"FC Barcelona","cmuihoy3o002vb23f8egwo6vd","1","keeper_long","Joan García","first_team",45000000,"cmuihw1da09bwsexpcmwkt1mn","561613"
"FC Barcelona","cmuihoy3o002vb23f8egwo6vd","13","keeper_long","Wojciech Szczęsny","first_team",800000,"cmuihvu5701uosexprebdgpnt","44058"
"FC Barcelona","cmuihoy3o002vb23f8egwo6vd","25","keeper_long","Dominik Livaković","first_team",4000000,"cmuihvxgh04xqsexpd0l9txxz","205927"
"FC Barcelona","cmuihoy3o002vb23f8egwo6vd","31","keeper_long","Eder Aller","first_team",0,"cmuihw4460cj4sexpja4dbqjy","1066202"
"FC Barcelona","cmuihoy3o002vb23f8egwo6vd","2","defender_long","João Cancelo","first_team",0,"FM_361757","N/A"
"FC Barcelona","cmuihoy3o002vb23f8egwo6vd","3","defender_long","Alejandro Balde","first_team",50000000,"cmuihw24e0a1hsexpekgtwx23","636688"
"FC Barcelona","cmuihoy3o002vb23f8egwo6vd","5","defender_long","Pau Cubarsí","first_team",80000000,"cmuihw43e0c03sexpu0t55t24","962110"
"FC Barcelona","cmuihoy3o002vb23f8egwo6vd","12","defender_long","Xavi Espart","first_team",5000000,"cmuihw43t0caesexpcxyouthu","1018912"
"FC Barcelona","cmuihoy3o002vb23f8egwo6vd","15","defender_long","Andreas Christensen","first_team",8000000,"cmuihvxg604qgsexp9h67wrkv","196948"
"FC Barcelona","cmuihoy3o002vb23f8egwo6vd","18","defender_long","Gerard Martín","first_team",35000000,"cmuihw2po0akxsexpmud951kq","705395"
"FC Barcelona","cmuihoy3o002vb23f8egwo6vd","23","defender_long","Jules Koundé","first_team",60000000,"cmuihvzwl07xisexpcttyyt2a","411975"
"FC Barcelona","cmuihoy3o002vb23f8egwo6vd","24","defender_long","Eric García","first_team",40000000,"cmuihw0jp08h3sexpg9mn39se","466794"
"FC Barcelona","cmuihoy3o002vb23f8egwo6vd","4","midfielder_long","Brian Fariñas","first_team",0,"FM_1821727","N/A"
"FC Barcelona","cmuihoy3o002vb23f8egwo6vd","6","midfielder_long","Gavi","first_team",30000000,"cmuihw24h0a3zsexpb9bmn35b","646740"
"FC Barcelona","cmuihoy3o002vb23f8egwo6vd","7","midfielder_long","Fermín López","first_team",100000000,"cmuihw24e0a1lsexpdftajzch","636703"
"FC Barcelona","cmuihoy3o002vb23f8egwo6vd","8","midfielder_long","Pedri","first_team",150000000,"cmuihw24v0aensexp0va9urqk","683840"
"FC Barcelona","cmuihoy3o002vb23f8egwo6vd","14","midfielder_long","Karim Adeyemi","first_team",40000000,"cmuihw0k708qksexp8tdco483","496094"
"FC Barcelona","cmuihoy3o002vb23f8egwo6vd","16","midfielder_long","Rodri","first_team",50000000,"cmuihvzbj0784sexpy0rbk4pc","357565"
"FC Barcelona","cmuihoy3o002vb23f8egwo6vd","20","midfielder_long","Dani Olmo","first_team",60000000,"cmuihvyr306b4sexpzxgna44c","293385"
"FC Barcelona","cmuihoy3o002vb23f8egwo6vd","21","midfielder_long","Frenkie de Jong","first_team",35000000,"cmuihvzap06o0sexpfc2cb613","326330"
"FC Barcelona","cmuihoy3o002vb23f8egwo6vd","22","midfielder_long","Marc Bernal","first_team",30000000,"cmuihw43t0cafsexp5is0kyb4","1018920"
"FC Barcelona","cmuihoy3o002vb23f8egwo6vd","9","attacker_long","Gabriel Jesus","first_team",17000000,"cmuihvzbl07avsexpvwmvzxom","363205"
"FC Barcelona","cmuihoy3o002vb23f8egwo6vd","10","attacker_long","Lamine Yamal","first_team",220000000,"cmuihw3fb0buxsexpq7rnabr4","937958"
"FC Barcelona","cmuihoy3o002vb23f8egwo6vd","11","attacker_long","Raphinha","first_team",70000000,"cmuihvzwl07x3sexpr6mfndg8","411295"
"FC Barcelona","cmuihoy3o002vb23f8egwo6vd","17","attacker_long","Anthony Gordon","first_team",65000000,"cmuihw0k908shsexpz5l4cwer","503733"
"FC Barcelona","cmuihoy3o002vb23f8egwo6vd","19","attacker_long","Roony Bardghji","first_team",15000000,"cmuihw2q90b0xsexphs0dcd6a","792331"
"FC Barcelona","cmuihoy3o002vb23f8egwo6vd","27","attacker_long","Jesse Bisiwu","first_team",0,"FM_1656591","N/A"
"FC Barcelona","cmuihoy3o002vb23f8egwo6vd","29","attacker_long","Hamza Abdelkarim","first_team",0,"FM_1708842","N/A"
"Arsenal FC","cmuihpzls003ph29em78a0y7v","1","keeper_long","David Raya","first_team",30000000,"cmuihvyqf05t0sexpi64mcfaj","262749"
"Arsenal FC","cmuihpzls003ph29em78a0y7v","13","keeper_long","Kepa Arrizabalaga","first_team",5000000,"cmuihvxg304ndsexpeunyea4e","192279"
"Arsenal FC","cmuihpzls003ph29em78a0y7v","30","keeper_long","Illan Meslier","first_team",8000000,"cmuihw1cw0969sexp53ydbyps","542586"
"Arsenal FC","cmuihpzls003ph29em78a0y7v","2","defender_long","William Saliba","first_team",100000000,"cmuihw0k708qdsexpp79ayoqb","495666"
"Arsenal FC","cmuihpzls003ph29em78a0y7v","3","defender_long","Cristhian Mosquera","first_team",40000000,"cmuihw24h0a44sexplzwlgqvf","646750"
"Arsenal FC","cmuihpzls003ph29em78a0y7v","4","defender_long","Ben White","first_team",30000000,"cmuihvzav06s4sexp2zp6ju29","335721"
"Arsenal FC","cmuihpzls003ph29em78a0y7v","5","defender_long","Piero Hincapié","first_team",50000000,"cmuihw24m0a8esexptz27unea","659813"
"Arsenal FC","cmuihpzls003ph29em78a0y7v","6","defender_long","Gabriel","first_team",75000000,"cmuihw0j1086msexpsl7ktpbk","435338"
"Arsenal FC","cmuihpzls003ph29em78a0y7v","12","defender_long","Jurriën Timber","first_team",70000000,"cmuihvzws0816sexpu0fld4ra","420243"
"Arsenal FC","cmuihpzls003ph29em78a0y7v","15","defender_long","Ezri Konsa","first_team",40000000,"cmuihvzwn07yssexp5gygtk5p","413403"
"Arsenal FC","cmuihpzls003ph29em78a0y7v","33","defender_long","Riccardo Calafiori","first_team",55000000,"cmuihw0k808rysexp9m211kx6","502821"
"Arsenal FC","cmuihpzls003ph29em78a0y7v","49","defender_long","Myles Lewis-Skelly","first_team",45000000,"cmuihw3eu0binsexpif21jl7t","890721"
"Arsenal FC","cmuihpzls003ph29em78a0y7v","8","midfielder_long","Martin Ødegaard","first_team",65000000,"cmuihvzak06jxsexpydd2q599","316264"
"Arsenal FC","cmuihpzls003ph29em78a0y7v","10","midfielder_long","Eberechi Eze","first_team",65000000,"cmuihw0k008llsexpj9c14ppm","479999"
"Arsenal FC","cmuihpzls003ph29em78a0y7v","23","midfielder_long","Mikel Merino","first_team",25000000,"cmuihvzb006ulsexprdsvtwdf","338424"
"Arsenal FC","cmuihpzls003ph29em78a0y7v","36","midfielder_long","Martín Zubimendi","first_team",75000000,"cmuihvzwu082bsexpurdjafjg","423440"
"Arsenal FC","cmuihpzls003ph29em78a0y7v","39","midfielder_long","Bruno Guimarães","first_team",70000000,"cmuihw1bi08xesexpk2swk1j9","520624"
"Arsenal FC","cmuihpzls003ph29em78a0y7v","41","midfielder_long","Declan Rice","first_team",120000000,"cmuihvzbj0788sexp1h5hvbdl","357662"
"Arsenal FC","cmuihpzls003ph29em78a0y7v","56","midfielder_long","Max Dowman","first_team",30000000,"cmuihw4rh0cy9sexp9r7dxmgx","1187629"
"Arsenal FC","cmuihpzls003ph29em78a0y7v","7","attacker_long","Bukayo Saka","first_team",110000000,"cmuihw0it085hsexpsfur7r3i","433177"
"Arsenal FC","cmuihpzls003ph29em78a0y7v","14","attacker_long","Viktor Gyökeres","first_team",65000000,"cmuihvzap06nqsexpndey8df3","325443"
"Arsenal FC","cmuihpzls003ph29em78a0y7v","17","attacker_long","Christos Tzolis","first_team",0,"FM_1157237","N/A"
"Arsenal FC","cmuihpzls003ph29em78a0y7v","20","attacker_long","Noni Madueke","first_team",50000000,"cmuihw0ka08t1sexplczeaw34","503987"
"Arsenal FC","cmuihpzls003ph29em78a0y7v","29","attacker_long","Kai Havertz","first_team",55000000,"cmuihvyr806g5sexpxmai6iuc","309400"
"Paris Saint-Germain","cmuihqbws00ajh29e1ujz5fht","16","keeper_long","Alessandro Longoni","first_team",0,"FM_1662399","N/A"
"Paris Saint-Germain","cmuihqbws00ajh29e1ujz5fht","30","keeper_long","Lucas Chevalier","first_team",25000000,"cmuihw0jm08ftsexpea1yufoy","463600"
"Paris Saint-Germain","cmuihqbws00ajh29e1ujz5fht","39","keeper_long","Matvey Safonov","first_team",30000000,"cmuihvzal06klsexp5sftpcyu","318470"
"Paris Saint-Germain","cmuihqbws00ajh29e1ujz5fht","2","defender_long","Achraf Hakimi","first_team",80000000,"cmuihvzwc07s3sexp8ze99ho1","398073"
"Paris Saint-Germain","cmuihqbws00ajh29e1ujz5fht","4","defender_long","Lucas Beraldo","first_team",22000000,"cmuihw3er0bg3sexp77n6p4ed","872171"
"Paris Saint-Germain","cmuihqbws00ajh29e1ujz5fht","5","defender_long","Marquinhos","first_team",28000000,"cmuihvxfr04fysexptloxp4xh","181767"
"Paris Saint-Germain","cmuihqbws00ajh29e1ujz5fht","6","defender_long","Ilya Zabarnyi","first_team",40000000,"cmuihw24m0a7vsexpe3he0n95","659089"
"Paris Saint-Germain","cmuihqbws00ajh29e1ujz5fht","12","defender_long","Lucas Digne","first_team",6000000,"cmuihvwrh03lhsexp8k88o4a2","126664"
"Paris Saint-Germain","cmuihqbws00ajh29e1ujz5fht","21","defender_long","Lucas Hernández","first_team",18000000,"cmuihvyqr061gsexp5uqg8cc6","281963"
"Paris Saint-Germain","cmuihqbws00ajh29e1ujz5fht","25","defender_long","Nuno Mendes","first_team",80000000,"cmuihw24409u2sexpedzw4spf","616341"
"Paris Saint-Germain","cmuihqbws00ajh29e1ujz5fht","51","defender_long","Willian Pacho","first_team",80000000,"cmuihw24m0a8osexph6kterrq","661171"
"Paris Saint-Germain","cmuihqbws00ajh29e1ujz5fht","8","midfielder_long","Fabián Ruiz","first_team",30000000,"cmuihvzbb073tsexp6ztlz4r1","350219"
"Paris Saint-Germain","cmuihqbws00ajh29e1ujz5fht","17","midfielder_long","Vítinha","first_team",140000000,"cmuihw0k508obsexpc7fsdynr","487469"
"Paris Saint-Germain","cmuihqbws00ajh29e1ujz5fht","24","midfielder_long","Senny Mayulu","first_team",40000000,"cmuihw3ey0bl5sexpekrq8gxx","903693"
"Paris Saint-Germain","cmuihqbws00ajh29e1ujz5fht","27","midfielder_long","Dro Fernández","first_team",10000000,"cmuihw4460cjqsexpxtzjjfug","1071596"
"Paris Saint-Germain","cmuihqbws00ajh29e1ujz5fht","33","midfielder_long","Warren Zaïre-Emery","first_team",80000000,"cmuihw2qe0b4lsexpflzcckgu","810092"
"Paris Saint-Germain","cmuihqbws00ajh29e1ujz5fht","47","midfielder_long","Quentin Ndjantou","first_team",8000000,"cmuihw43z0cezsexplhk171ko","1053208"
"Paris Saint-Germain","cmuihqbws00ajh29e1ujz5fht","87","midfielder_long","João Neves","first_team",140000000,"cmuihw24q0abisexpsp06kffu","670681"
"Paris Saint-Germain","cmuihqbws00ajh29e1ujz5fht","7","attacker_long","Khvicha Kvaratskhelia","first_team",140000000,"cmuihw0k808rvsexp5ao6sjkp","502670"
"Paris Saint-Germain","cmuihqbws00ajh29e1ujz5fht","9","attacker_long","Ferrán Torres","first_team",50000000,"cmuihvzwd07s5sexp8vx1qdul","398184"
"Paris Saint-Germain","cmuihqbws00ajh29e1ujz5fht","10","attacker_long","Ousmane Dembélé","first_team",100000000,"cmuihvyqw066dsexpsvvv3x91","288230"
"Paris Saint-Germain","cmuihqbws00ajh29e1ujz5fht","11","attacker_long","Maghnes Akliouche","first_team",50000000,"cmuihw2q10awesexpv53xk4f1","745200"
"Paris Saint-Germain","cmuihqbws00ajh29e1ujz5fht","14","attacker_long","Désiré Doué","first_team",120000000,"cmuihw3f00bnasexp61355vm6","914562"
"Paris Saint-Germain","cmuihqbws00ajh29e1ujz5fht","22","attacker_long","Mika Godts","first_team",35000000,"cmuihw2q50axzsexpinqc05sf","748804"
"Bayern Munich","cmuihq3qa0061h29eyxx4xw43","1","keeper_long","Manuel Neuer","first_team",4000000,"cmuihvt1q010gsexpezknfar6","17259"
"Bayern Munich","cmuihq3qa0061h29eyxx4xw43","26","keeper_long","Sven Ulreich","first_team",500000,"cmuihvu5101rdsexp25fdvkw2","40680"
"Bayern Munich","cmuihq3qa0061h29eyxx4xw43","40","keeper_long","Jonas Urbig","first_team",18000000,"cmuihw24109r7sexp2yhvwr6a","607720"
"Bayern Munich","cmuihq3qa0061h29eyxx4xw43","48","keeper_long","Leon Klanac","first_team",150000,"cmuihw43r0c8wsexpcszx4fra","1009439"
"Bayern Munich","cmuihq3qa0061h29eyxx4xw43","N/A","defender_long","Tarek Buchmann","academy",300000,"cmuihw2q00aw7sexpswg6tdpy","744729"
"Bayern Munich","cmuihq3qa0061h29eyxx4xw43","2","defender_long","Dayot Upamecano","first_team",70000000,"cmuihvzb7070bsexps3tdmteg","344695"
"Bayern Munich","cmuihq3qa0061h29eyxx4xw43","3","defender_long","Min-Jae Kim","first_team",20000000,"cmuihw0k808s4sexpxtpq16yj","503482"
"Bayern Munich","cmuihq3qa0061h29eyxx4xw43","4","defender_long","Jonathan Tah","first_team",28000000,"cmuihvxg604pysexpxrcdzkqi","196357"
"Bayern Munich","cmuihq3qa0061h29eyxx4xw43","8","defender_long","Tom Bischof","first_team",40000000,"cmuihw3eg0b8dsexpbjiqaars","822959"
"Bayern Munich","cmuihq3qa0061h29eyxx4xw43","11","defender_long","Nathaniel Brown","first_team",40000000,"cmuihw2pg0ag3sexp5rq6fir8","691892"
"Bayern Munich","cmuihq3qa0061h29eyxx4xw43","19","defender_long","Alphonso Davies","first_team",40000000,"cmuihvzwv082rsexpj1rn7qmm","424204"
"Bayern Munich","cmuihq3qa0061h29eyxx4xw43","21","defender_long","Hiroki Ito","first_team",18000000,"cmuihvzbf075ssexpa3dj4hds","353892"
"Bayern Munich","cmuihq3qa0061h29eyxx4xw43","23","defender_long","Sacha Boey","first_team",10000000,"cmuihw0jv08k1sexp1hocop56","475413"
"Bayern Munich","cmuihq3qa0061h29eyxx4xw43","27","defender_long","Konrad Laimer","first_team",32000000,"cmuihvy5z055csexp4fwockyf","223967"
"Bayern Munich","cmuihq3qa0061h29eyxx4xw43","30","defender_long","Cassiano Kiala","first_team",2000000,"cmuihw4rs0d2gsexpu7li44m5","1259870"
"Bayern Munich","cmuihq3qa0061h29eyxx4xw43","44","defender_long","Josip Stanišić","first_team",40000000,"cmuihw0k208mpsexp0kq5jz3m","483046"
"Bayern Munich","cmuihq3qa0061h29eyxx4xw43","6","midfielder_long","Joshua Kimmich","first_team",35000000,"cmuihvws50447sexp09vsoljw","161056"
"Bayern Munich","cmuihq3qa0061h29eyxx4xw43","7","midfielder_long","Serge Gnabry","first_team",18000000,"cmuihvws30432sexp791mqmhd","159471"
"Bayern Munich","cmuihq3qa0061h29eyxx4xw43","10","midfielder_long","Jamal Musiala","first_team",100000000,"cmuihw1dq09iksexpkrsp7bv9","580195"
"Bayern Munich","cmuihq3qa0061h29eyxx4xw43","34","midfielder_long","Ismael Saibari","first_team",40000000,"cmuihw2pk0ajmsexptp44k1b5","702869"
"Bayern Munich","cmuihq3qa0061h29eyxx4xw43","38","midfielder_long","Erblin Osmani","first_team",0,"cmuihw4rw0d5csexp9aj0gtv4","1330946"
"Bayern Munich","cmuihq3qa0061h29eyxx4xw43","39","midfielder_long","Bara Ndiaye","first_team",0,"FM_1798782","N/A"
"Bayern Munich","cmuihq3qa0061h29eyxx4xw43","45","midfielder_long","Aleksandar Pavlović","first_team",90000000,"cmuihw2q90b0ysexpqp0yxu6s","792380"
"Bayern Munich","cmuihq3qa0061h29eyxx4xw43","47","midfielder_long","David Santos Daiber","first_team",3000000,"cmuihw4qy0cqgsexp0m9y3k0d","1118495"
"Bayern Munich","cmuihq3qa0061h29eyxx4xw43","9","attacker_long","Harry Kane","first_team",60000000,"cmuihvwrm03qrsexpjskl9ltc","132098"
"Bayern Munich","cmuihq3qa0061h29eyxx4xw43","14","attacker_long","Luis Díaz","first_team",70000000,"cmuihw0k108lusexpm1nzzdz1","480692"
"Bayern Munich","cmuihq3qa0061h29eyxx4xw43","17","attacker_long","Michael Olise","first_team",170000000,"cmuihw1de09dqsexpwa1h57iy","566723"
"Bayern Munich","cmuihq3qa0061h29eyxx4xw43","42","attacker_long","Lennart Karl","first_team",60000000,"cmuihw4470ckksexpvzh8btuz","1075147"
"Bayern Munich","cmuihq3qa0061h29eyxx4xw43","48","attacker_long","Bastian Assomo","first_team",0,"cmuihw4si0d6nsexps2ky63f4","1379284"